-- MySQL dump 10.13  Distrib 5.7.40, for Win64 (x86_64)
--
-- Host: localhost    Database: classicrealmd
-- ------------------------------------------------------
-- Server version	5.7.40-log

/*!40101 SET @OLD_CHARACTER_SET_CLIENT=@@CHARACTER_SET_CLIENT */;
/*!40101 SET @OLD_CHARACTER_SET_RESULTS=@@CHARACTER_SET_RESULTS */;
/*!40101 SET @OLD_COLLATION_CONNECTION=@@COLLATION_CONNECTION */;
/*!40101 SET NAMES utf8 */;
/*!40103 SET @OLD_TIME_ZONE=@@TIME_ZONE */;
/*!40103 SET TIME_ZONE='+00:00' */;
/*!40014 SET @OLD_UNIQUE_CHECKS=@@UNIQUE_CHECKS, UNIQUE_CHECKS=0 */;
/*!40014 SET @OLD_FOREIGN_KEY_CHECKS=@@FOREIGN_KEY_CHECKS, FOREIGN_KEY_CHECKS=0 */;
/*!40101 SET @OLD_SQL_MODE=@@SQL_MODE, SQL_MODE='NO_AUTO_VALUE_ON_ZERO' */;
/*!40111 SET @OLD_SQL_NOTES=@@SQL_NOTES, SQL_NOTES=0 */;

--
-- Table structure for table `account`
--

DROP TABLE IF EXISTS `account`;
/*!40101 SET @saved_cs_client     = @@character_set_client */;
/*!40101 SET character_set_client = utf8 */;
CREATE TABLE `account` (
  `id` int(11) unsigned NOT NULL AUTO_INCREMENT COMMENT 'Identifier',
  `username` varchar(32) NOT NULL DEFAULT '',
  `gmlevel` tinyint(3) unsigned NOT NULL DEFAULT '0',
  `sessionkey` longtext,
  `v` longtext,
  `s` longtext,
  `email` text,
  `joindate` datetime NOT NULL DEFAULT CURRENT_TIMESTAMP,
  `lockedIp` varchar(30) NOT NULL DEFAULT '0.0.0.0',
  `failed_logins` int(11) unsigned NOT NULL DEFAULT '0',
  `locked` tinyint(3) unsigned NOT NULL DEFAULT '0',
  `last_module` char(32) DEFAULT '',
  `module_day` mediumint(8) unsigned NOT NULL DEFAULT '0',
  `active_realm_id` int(11) unsigned NOT NULL DEFAULT '0',
  `expansion` tinyint(3) unsigned NOT NULL DEFAULT '0',
  `mutetime` bigint(40) unsigned NOT NULL DEFAULT '0',
  `locale` varchar(4) NOT NULL DEFAULT '',
  `os` varchar(4) NOT NULL DEFAULT '0',
  `platform` varchar(4) NOT NULL DEFAULT '0',
  `token` text,
  `flags` int(10) unsigned NOT NULL DEFAULT '0',
  PRIMARY KEY (`id`),
  UNIQUE KEY `idx_username` (`username`),
  KEY `idx_gmlevel` (`gmlevel`)
) ENGINE=MyISAM AUTO_INCREMENT=208 DEFAULT CHARSET=utf8 ROW_FORMAT=DYNAMIC COMMENT='Account System';
/*!40101 SET character_set_client = @saved_cs_client */;

--
-- Dumping data for table `account`
--

LOCK TABLES `account` WRITE;
/*!40000 ALTER TABLE `account` DISABLE KEYS */;
INSERT INTO `account` VALUES (1,'ADMINISTRATOR',3,'','312B99EEF1C0196BB73B79D114CE161C5D089319E6EF54FAA6117DAB8B672C14','8EB5DE915AA3D805FA7099CF61C0BB8A77990EA869078A0C5B9EEE55828F4505','','2006-04-25 10:18:56','127.0.0.1',0,0,'',0,0,0,0,'','0','0',NULL,0),(2,'GAMEMASTER',2,'','681F5A7D4DE26DBFD3060EE37E03B79FD154875FB18F44DBF843963F193FC1AC','8873CD861DEFBF124232D6A29E4884E34C73385304A8AC44175976B1003DCFD7','','2006-04-25 10:18:56','127.0.0.1',0,0,'',0,0,0,0,'','0','0',NULL,0),(3,'MODERATOR',1,'','2CA85C9853E44A6DCE09FC92EBDE57EF20975281EB7604326E25751AF8576859','AD68B088D7BCE5E4B734495A7A956F1D5DD1BAB61FB0FEE46C737D93EC166DF5','','2006-04-25 10:19:35','127.0.0.1',0,0,'',0,0,0,0,'','0','0',NULL,0),(4,'PLAYER',0,'','3738EC7E7C731FD431C716990C6D97CA5C1D50EF0DA7DE9819076DE1D03AA891','EBA23AF194D89B8061CA7FEBA06D336B1C38D8FBDABA76F2C51D45141362D881','','2006-04-25 10:19:35','127.0.0.1',0,0,'',0,0,0,0,'','0','0',NULL,0),(5,'RNDBOT1',0,NULL,'29C72892AF9E93F9575B4AF5DE544C2852C8F0BC949ADDD0754057893361366B','EBFF82B989D5C2DA1D1E34A23E6A67193BC24BC5B913563359EF561CAB927C51',NULL,'2025-12-02 18:31:01','0.0.0.0',0,0,'',0,0,0,0,'','0','0',NULL,0),(6,'RNDBOT2',0,NULL,'472BC271732EEDAE0FA78A506D05EC4A86B0269C8990C6FABE3A2E4573F5F2FA','A49235527A28C3E13DFB0028E5C30EC528472010D828B96F2134FC20CE7CE693',NULL,'2025-12-02 18:31:01','0.0.0.0',0,0,'',0,0,0,0,'','0','0',NULL,0),(7,'RNDBOT3',0,NULL,'4CA43DD83F6DCF781EE558C7818834D156411A866B2A7A0E6CD397997750DD82','DA29B41F9DB7B129B0AD86D15198AA4928CA81229487FF09C82D811A0F65C5C7',NULL,'2025-12-02 18:31:01','0.0.0.0',0,0,'',0,0,0,0,'','0','0',NULL,0),(8,'RNDBOT4',0,NULL,'53DB6587027CB37DABEE790C495626E470581A897C9E0DECCF904F39E7921B17','E43B3EF43B5A9F752E398E57A6FBFF4149FCDC2D5F55BEC954AD98BDD4962E4B',NULL,'2025-12-02 18:31:01','0.0.0.0',0,0,'',0,0,0,0,'','0','0',NULL,0),(9,'RNDBOT5',0,NULL,'1AFCFFFF5FFBF17F0E4BC513E038890A2768EC9249C9AFB3520F1A3ABFAA53D2','8FBE50178BA98BDD60D0FD8F8BE2C50AD28959A068FE40EF6111E847EE4BD42D',NULL,'2025-12-02 18:31:01','0.0.0.0',0,0,'',0,0,0,0,'','0','0',NULL,0),(10,'RNDBOT0',0,NULL,'6AE638F88CE7FDF4BB13974BA97BE8615BA41963C407FD97B846FC3D985BBE75','E1E787462D800783FCC44B769F50491897145407E5C818AB19FC355A4BAA0445',NULL,'2025-12-02 18:31:01','0.0.0.0',0,0,'',0,0,0,0,'','0','0',NULL,0),(11,'RNDBOT6',0,NULL,'2B09BCFFA5A29DFDC2A9F3F29912FFADC28BF82FFD5137D47515974644CADB59','E637AC7CD11C4064FECC3ABBABF4CA2205344DA0FB7FC0F73801DDE8E8D85589',NULL,'2025-12-02 18:31:01','0.0.0.0',0,0,'',0,0,0,0,'','0','0',NULL,0),(12,'RNDBOT7',0,NULL,'3110CE56C5080A2EEAF3E279B2327EBAD92CB41D0112D7E4F4506B33B541B301','DA38DF1B9333F56FD6D51B74FAD65ABFDAF9DBB067BD7BB028B62C773958EE57',NULL,'2025-12-02 18:31:01','0.0.0.0',0,0,'',0,0,0,0,'','0','0',NULL,0),(13,'RNDBOT8',0,NULL,'39200413A4561B7DBCA80882A41DB5BE1526D2B64ECC2B8A035F1D7F3C2F9BD8','893A04FF54B8796568D176E7A9508E519740B6C896976960EDAE2C2E52D632D3',NULL,'2025-12-02 18:31:01','0.0.0.0',0,0,'',0,0,0,0,'','0','0',NULL,0),(14,'RNDBOT10',0,NULL,'54A6D881E9DFDB9BCD4F9C23DBC695B3A05D15E19E4F35769159C6C2E25DB5DB','D2E66C0FF064018DEB47751941977F861A19C8911732A864E4ED4835DA301901',NULL,'2025-12-02 18:31:01','0.0.0.0',0,0,'',0,0,0,0,'','0','0',NULL,0),(15,'RNDBOT11',0,NULL,'6C036A62F5BCD9184360273C7B545B9D5F726D567EFD05DA8FAFCAD4318A9E68','B0DD5EEDF1D8F978E4DA90D5D408883BEAFE3C829D03440D1C3AF811EF963699',NULL,'2025-12-02 18:31:01','0.0.0.0',0,0,'',0,0,0,0,'','0','0',NULL,0),(16,'RNDBOT9',0,NULL,'578A47E378920A536E291445FCF6A5C648E40FE753279C43751609FB547E3A42','835066657D2077D3CADEB79AEEB23B0499706BE1D8228B76F42B12344C551F6B',NULL,'2025-12-02 18:31:01','0.0.0.0',0,0,'',0,0,0,0,'','0','0',NULL,0),(17,'RNDBOT13',0,NULL,'6D004B14BC165787FE7DDBA7BA0BE2CA10BF30706EE1A40BF8DEB423817BADE7','EEB9F60D8AF28069DF9BF1F9D6B3BE730D7E64D9521459FCC0BA208DB03AD9AF',NULL,'2025-12-02 18:31:01','0.0.0.0',0,0,'',0,0,0,0,'','0','0',NULL,0),(18,'RNDBOT14',0,NULL,'4590E9F0285AF226E4C2DAE078E9CF6D7AFFAE82F83988ABC6D71B2A9EF6021F','F7901D03F20B2400100162515766A377F15916DB93B11F2EDDC24D378613607B',NULL,'2025-12-02 18:31:01','0.0.0.0',0,0,'',0,0,0,0,'','0','0',NULL,0),(19,'RNDBOT15',0,NULL,'2568AF473B63CB40ED5E641F5C5C3E65723F39CE9D3AE399E7418F18D1407091','F663303DF30D011804651AE58F9B4012FCE97B7C785B0C07262C7EDBEF3D5BBB',NULL,'2025-12-02 18:31:01','0.0.0.0',0,0,'',0,0,0,0,'','0','0',NULL,0),(20,'RNDBOT16',0,NULL,'014AA9EC57FF83DB3AC4B61BAEAE3C0A5948FC01376AE2FFBDC67499D58CC3AF','9EDB73E84333D559D667115CBF4434E589F44906736D06FE8AF5D6187882294D',NULL,'2025-12-02 18:31:01','0.0.0.0',0,0,'',0,0,0,0,'','0','0',NULL,0),(21,'RNDBOT17',0,NULL,'1E61524E6B43967DE9D8923DA4C1056C25C52033555D9425101BE390F74441AB','FAEA5F237F79E28BCE592A7708E65E67ABD156E6E067F516BC310B07C8F2DBB3',NULL,'2025-12-02 18:31:01','0.0.0.0',0,0,'',0,0,0,0,'','0','0',NULL,0),(22,'RNDBOT18',0,NULL,'3017CEDE78CC57A94CECF251D5675481560FBB630A211701CD801A5E51C94E00','FFD86C4C212261237740178B2E28F58966F403BBD60B368B451EFA15A1F90C83',NULL,'2025-12-02 18:31:01','0.0.0.0',0,0,'',0,0,0,0,'','0','0',NULL,0),(23,'RNDBOT19',0,NULL,'2F0B8471EFA23FF3AFEBFBE9626A509EDB8FD4BB17E24F3ED44353751CDF4B5D','F7F997677EEDEFD41A90993AC373B1931FD7EDB26FFC81DEF86A7F80747EF0A5',NULL,'2025-12-02 18:31:01','0.0.0.0',0,0,'',0,0,0,0,'','0','0',NULL,0),(24,'RNDBOT20',0,NULL,'4BF8A610F5E58651A6AD110EBEC2F14BA22E008011B07C3FF5E12F6260DD000A','E30815B9611D6B6BBE5162280CF810B51DCE3655D026F31834DC00F05A4C1227',NULL,'2025-12-02 18:31:01','0.0.0.0',0,0,'',0,0,0,0,'','0','0',NULL,0),(25,'RNDBOT21',0,NULL,'593A29F22E103B441CB897EE8B2665566CA4530F8C3D0DA644769491AB589B62','ACDE6D3C294D2811CAC0DDBFC013F6BFFF7C823187A7FAC344B88087B777A8A1',NULL,'2025-12-02 18:31:01','0.0.0.0',0,0,'',0,0,0,0,'','0','0',NULL,0),(26,'RNDBOT12',0,NULL,'361642F310E594D862CA767F3359F75C8D10500292C3BEE40BD502E6EC65A914','982AD0FE66078DE1A53005F9602D0D26F86F04DE654B880B3A27D397B649D45F',NULL,'2025-12-02 18:31:01','0.0.0.0',0,0,'',0,0,0,0,'','0','0',NULL,0),(27,'RNDBOT23',0,NULL,'5CE46C06EB70D01990702219A689A4B2D24AB05C837974CABA55D238432214D1','E39C296785E20C784635AA6DCBBBCFB57BF601734485BDDEDECF7FB997DB9EE5',NULL,'2025-12-02 18:31:01','0.0.0.0',0,0,'',0,0,0,0,'','0','0',NULL,0),(28,'RNDBOT24',0,NULL,'39E4119C529B9B71BCC46F2111F17B66CF8993BCF056E9AB4D51DD0F75C205D5','B10F809AAE28308EEF65ED9FD388BAA603ADE5E778806BD6DA19F2E505001855',NULL,'2025-12-02 18:31:01','0.0.0.0',0,0,'',0,0,0,0,'','0','0',NULL,0),(29,'RNDBOT25',0,NULL,'011AF1C2531FC7305B3713E18B6920F0DD8C88A1BB102EF1484C3C377C7AE20C','86BA5613A1509A37829993C2EF97ECFC34356C45EE673ECCB65FE86022461D03',NULL,'2025-12-02 18:31:01','0.0.0.0',0,0,'',0,0,0,0,'','0','0',NULL,0),(30,'RNDBOT26',0,NULL,'36A832405137E497F6ED44144E1C955347FE8DDDD3D4AA42E3F6B723D30F6D8D','8BBC07CA99B9D9415AD96BFFFECEDFD190498966AC8C757567DD72B44A09BEA1',NULL,'2025-12-02 18:31:01','0.0.0.0',0,0,'',0,0,0,0,'','0','0',NULL,0),(31,'RNDBOT27',0,NULL,'6C56E8E51279A2F7FBF692EBDE770E58A4F8F77389B35130BEE2F1A8E73D3005','DAE3A8CF1C57F971BC454744E2D0E5BCF3855C3FC279B8F515CF4F33C65AF7FF',NULL,'2025-12-02 18:31:01','0.0.0.0',0,0,'',0,0,0,0,'','0','0',NULL,0),(32,'RNDBOT28',0,NULL,'79055BE0C6ED2B23F64C9CB52D4C84B9BEEA494AB2513CECEDD67D1924C69367','C713172EAAC2B4B89C870B6EDBAF0CE7A8D15D9905DC762E2E4C931A0269E0C9',NULL,'2025-12-02 18:31:01','0.0.0.0',0,0,'',0,0,0,0,'','0','0',NULL,0),(33,'RNDBOT29',0,NULL,'133D68DB8F930BFFF0F66FA0181A792A85B2FEB6B99B533040AAE2D1FF00059F','99BECE0EC101A248700D25656C7D6A06A737A0DA5580FE24C09F1F87517C8071',NULL,'2025-12-02 18:31:01','0.0.0.0',0,0,'',0,0,0,0,'','0','0',NULL,0),(34,'RNDBOT22',0,NULL,'738B0B50E4DEEFB7C6402F630F569C659D05580C4713CCDC373C3E77381763BC','D69E1BD8D8C626C7B468459F089D983703A614144C2831B9D473BDAFAED288D7',NULL,'2025-12-02 18:31:01','0.0.0.0',0,0,'',0,0,0,0,'','0','0',NULL,0),(35,'RNDBOT32',0,NULL,'21B2008560C1A59D17E5C92CAC64FCFFC476A66C15D9F1B5532D81BE457C24A7','F18EEFB8A4954479B59C1BBC3332541BFA8C81D8D4E4DF1E4997695D0B9E1509',NULL,'2025-12-02 18:31:01','0.0.0.0',0,0,'',0,0,0,0,'','0','0',NULL,0),(36,'RNDBOT30',0,NULL,'808DECD3742C185FD7EF0FB99B70067150C1282DDB4E547FF4EDFC97578A5203','A52E4214853746584CF792681537761CAC639CA3047E982757D18FB7EFE28383',NULL,'2025-12-02 18:31:01','0.0.0.0',0,0,'',0,0,0,0,'','0','0',NULL,0),(37,'RNDBOT33',0,NULL,'39F60AD6376FB0336484C4FDC59164921B4FD7D9C08C05A621AC103A5174437B','E58318480C949E6435A9FD031F08E561A848E05CDA9E6291E59CD698CD648075',NULL,'2025-12-02 18:31:01','0.0.0.0',0,0,'',0,0,0,0,'','0','0',NULL,0),(38,'RNDBOT34',0,NULL,'3778143C84FBBE9E90166ECE0928B3A401FE5954711D15A8D0678EB831173C39','A4D5C0673B64D7FA5B9EF2245FD534683FB3ABF4F3F78FE411366FB0C15FB215',NULL,'2025-12-02 18:31:01','0.0.0.0',0,0,'',0,0,0,0,'','0','0',NULL,0),(39,'RNDBOT35',0,NULL,'72C8428D98936AF8D62DFC194297363FEA947AB84D2B8A4EC127B99F964CEB78','86C1EAC67CBCC9566A6F9321D0330605DFE51D26413D1AE57626C2209A3D4839',NULL,'2025-12-02 18:31:01','0.0.0.0',0,0,'',0,0,0,0,'','0','0',NULL,0),(40,'RNDBOT36',0,NULL,'86D0E4E9A2B7A0D1E57B2976090503894A1856990B87BCBC8CDE37AA031E55B6','C523CA61997AEFA66FB9055B24328704004F13C540E979AAAF420AB6F89E6F4D',NULL,'2025-12-02 18:31:01','0.0.0.0',0,0,'',0,0,0,0,'','0','0',NULL,0),(41,'RNDBOT37',0,NULL,'6BA2C8DD278A0E67C84AA9DF0C7F71F52145D62D4305D925C813175C8F001F5B','8E48D888ECF5EDAA8A014B0490DE86FE7500558994721CFBAA7DB7ED390C635F',NULL,'2025-12-02 18:31:01','0.0.0.0',0,0,'',0,0,0,0,'','0','0',NULL,0),(42,'RNDBOT38',0,NULL,'81D29C7C14FC44C8E4731901EBB86FBD34CC587CB699607B368DE60AB59CF9CE','C01941D3DF2C7697583BBAB79C46219CD1DE562215B07B35D712212611533471',NULL,'2025-12-02 18:31:01','0.0.0.0',0,0,'',0,0,0,0,'','0','0',NULL,0),(43,'RNDBOT31',0,NULL,'6CEF4101F2F8BF80965350F7FC750528B90734DD0A343E242CB98597849F0F40','9C4C920FFC768D71BA353677F6237A9730C802FD8E8F28D55C4EA9D0F126C05D',NULL,'2025-12-02 18:31:01','0.0.0.0',0,0,'',0,0,0,0,'','0','0',NULL,0),(44,'RNDBOT40',0,NULL,'404BFE9707398EC510F46C266DF32B1DDAEFE693B4C27D1849B2311DEE8BE9E0','F891CADE8A43F400BABF9CD800C0C6E1D77A683D74D06417E4003B8BE7CA164F',NULL,'2025-12-02 18:31:01','0.0.0.0',0,0,'',0,0,0,0,'','0','0',NULL,0),(45,'RNDBOT41',0,NULL,'6569F7BDF7A23ED38E2D2A4BE34C3B331F6FB77CE1A4809D16B1049968F766BC','EE52C33E6F7168C1FEBDDB6016D62AC7D6CCB9051612D2A0C721CB4D6C0405AF',NULL,'2025-12-02 18:31:01','0.0.0.0',0,0,'',0,0,0,0,'','0','0',NULL,0),(46,'RNDBOT42',0,NULL,'543D57D4808C699A98DC3FA6B48DC9734B2B5E5A4BFBDF97EBB7E2AEB181277C','FBA3822E0771868A03C99FDBC798B188226D541EC1710D541923358BC620EC19',NULL,'2025-12-02 18:31:01','0.0.0.0',0,0,'',0,0,0,0,'','0','0',NULL,0),(47,'RNDBOT43',0,NULL,'20958E92E5B463B6F0A02A911C89D0D23C2A1B883DF57F5D676775C0EDDAF5C1','C5F64AFEF337D7B71EDF0CE576D2AA947F69302C3893A8DD989C7D6546FC6159',NULL,'2025-12-02 18:31:01','0.0.0.0',0,0,'',0,0,0,0,'','0','0',NULL,0),(48,'RNDBOT44',0,NULL,'75CA41F960A2EB3E0E9B16B170FA709C0F1F8F4F599F20B1E37F3BE891663695','8BC9DD48509958D6EA19746252AB2A4F6E3552BC11C14372341AA7A6D2C57ABD',NULL,'2025-12-02 18:31:01','0.0.0.0',0,0,'',0,0,0,0,'','0','0',NULL,0),(49,'RNDBOT45',0,NULL,'7FF2A873E62B3A9D9FB9DC20DEB4A57FBB6126B2729F612719856F2766574995','B3A0D386ED9630E3E9867A478FA4E9C3F965DB360EDFA57778A76801609C79B9',NULL,'2025-12-02 18:31:01','0.0.0.0',0,0,'',0,0,0,0,'','0','0',NULL,0),(50,'RNDBOT46',0,NULL,'217E6717282DD1291B5ED90EECD049AC731BB4A3B9B903D8AFDE4E6CC9A9B686','EFB3FDD9BC4CD098EF5A48538EE8269134CE31223EF11E4E9240D55A6B437C33',NULL,'2025-12-02 18:31:01','0.0.0.0',0,0,'',0,0,0,0,'','0','0',NULL,0),(51,'RNDBOT47',0,NULL,'564E985B1B9AD7FF5B987C605C863B808840DC03DA1CAC686FC3F809ED5C5080','A36B525CB62704F1172F1013389DB5CC0F2514EF0C34CB3E2F6E5686F8D13B49',NULL,'2025-12-02 18:31:01','0.0.0.0',0,0,'',0,0,0,0,'','0','0',NULL,0),(52,'RNDBOT48',0,NULL,'51B8449953D3924B7EBEFFBE706E3F3829BA5766FAC76BEA9EAEA89481079537','AADE4BDC45B03C01F0D985EDE7E5327396A181F949B1B0346D44211C2F82E4A3',NULL,'2025-12-02 18:31:01','0.0.0.0',0,0,'',0,0,0,0,'','0','0',NULL,0),(53,'RNDBOT49',0,NULL,'43C873BDEA8E9220867741F086B65DEE15DEA9C0F8D0C35C0DB289FAE02B24C0','DE0248C24CDC0A873B60F3D6A379D5CDF5A97CD3BBBF2E1CCF10BBD14A6CACE3',NULL,'2025-12-02 18:31:01','0.0.0.0',0,0,'',0,0,0,0,'','0','0',NULL,0),(54,'RNDBOT50',0,NULL,'19DFC276822226CE15C2AE3D6B5A2BCF0B32CD59AA469F83BF73EE24AD64E8DD','8985B9D11E2B71D9150421110FE62A7546A0765C4BA5D972C9C7E359B6001F2F',NULL,'2025-12-02 18:31:01','0.0.0.0',0,0,'',0,0,0,0,'','0','0',NULL,0),(55,'RNDBOT51',0,NULL,'5554A5429C4DC4ED6805FF08EE6E8E782643B266E1AA4FD100D4E5D97B2E7FC4','D2D39B8FB8FED514E96AAD9203BF4B34BC1956034165E2115DD544D1A2030B3D',NULL,'2025-12-02 18:31:01','0.0.0.0',0,0,'',0,0,0,0,'','0','0',NULL,0),(56,'RNDBOT52',0,NULL,'22E59C1C48D701C78A23CB5954CBA6695523C2BB16E3D58C9E9ED539B910BE03','E9C80AED57F6A6DA29C28E9FD25F46CCEB81F95D25031AEE83961CEA9EF229AF',NULL,'2025-12-02 18:31:01','0.0.0.0',0,0,'',0,0,0,0,'','0','0',NULL,0),(57,'RNDBOT53',0,NULL,'3BC0B836493E4313A19ABE898F1999A7B45DEF91E14349CC4A0229353FE4D129','84D81339CC57FDA3F69B48253F16574AC414C5CC8AFA1006B6E058F2A3E70C23',NULL,'2025-12-02 18:31:01','0.0.0.0',0,0,'',0,0,0,0,'','0','0',NULL,0),(58,'RNDBOT54',0,NULL,'18CFBAE9830275C42C69D8614B25A5F29EC658A1EFBFD11F682C8B60704A0A75','A02491696668FD10BCF9AC8FF5D8073831ED58698847C01BC43389E8C31C013B',NULL,'2025-12-02 18:31:01','0.0.0.0',0,0,'',0,0,0,0,'','0','0',NULL,0),(59,'RNDBOT55',0,NULL,'2FCD914113ED9869F043EB3A1C6F4D4C349ED7D7886F3CDBA730B4932268CD0C','BED7E0D32D3F1F4C1ACEBAA6AF3031B04C2A81469E6F293F106C9444E322632F',NULL,'2025-12-02 18:31:01','0.0.0.0',0,0,'',0,0,0,0,'','0','0',NULL,0),(60,'RNDBOT56',0,NULL,'67454823B86737CB8ABF485E3A582083816C3B2B7815D23728D6362318A5AA7D','AE3460A0AA426349D4B6E77F0083642F977DBE4160882439B3CB9A624F74CD67',NULL,'2025-12-02 18:31:01','0.0.0.0',0,0,'',0,0,0,0,'','0','0',NULL,0),(61,'RNDBOT57',0,NULL,'5784EEE3DD83F31A75C6D73A57A8978E80AE12541604DFA120473423408C641A','DE5BA92E5A30706E4DAB90C5FF467BD6F27BF9D9523120404F3E55D59252D11D',NULL,'2025-12-02 18:31:01','0.0.0.0',0,0,'',0,0,0,0,'','0','0',NULL,0),(62,'RNDBOT58',0,NULL,'81F81F456D46DC4072D255FC9A805D55B4C92877CCD6656ECEEF2C60B9E7E0AD','DC72703E5306CAE48DAC15EE4EEF21CEF360560179D7D519D9E35010BE6C0865',NULL,'2025-12-02 18:31:01','0.0.0.0',0,0,'',0,0,0,0,'','0','0',NULL,0),(63,'RNDBOT59',0,NULL,'6BD39E01D0FECE8858B13FF5E51B429D6A4255A6CF0A4F41B345BD048CC7AB14','AA29CB5ACA65AE81A3F429133854D1C525EDB2ED076C38A076808FC164748A59',NULL,'2025-12-02 18:31:01','0.0.0.0',0,0,'',0,0,0,0,'','0','0',NULL,0),(64,'RNDBOT60',0,NULL,'6175B396BEB46A9F86B799860E4F4294F91C185EB7BC3C9DE3CEE75FF68F9C4E','95C8257004C032D9D2A275BE28F4E614CC523FFB7B766224C7357B11FC23C46F',NULL,'2025-12-02 18:31:01','0.0.0.0',0,0,'',0,0,0,0,'','0','0',NULL,0),(65,'RNDBOT61',0,NULL,'6E7807C447D35EF7473A6BBA449A5548AE6ED2234134BC1732343869DF1B87E3','C5BB7B367314D262A38B5841FEB0FEB2B9DC590D0F6D62128BBCAA9DEF8121DD',NULL,'2025-12-02 18:31:01','0.0.0.0',0,0,'',0,0,0,0,'','0','0',NULL,0),(66,'RNDBOT62',0,NULL,'7AAD3EB20F886B54F4ACDAD45C3704BB3B67BD409EEDF2E2A5330C1A2B190403','F542360A33240F9447CBB13C90F594D1A551D69087BA2F22D2FA00D50D1C732D',NULL,'2025-12-02 18:31:01','0.0.0.0',0,0,'',0,0,0,0,'','0','0',NULL,0),(67,'RNDBOT63',0,NULL,'54AA09387588FECD97FD2DBC70D3530D9A33B23A34767FA8FB3BB02042178A39','9424669AAB4AAEB9BA8FCCF4A1AB0FB170A7E2EE5D33C45CD287ED2BD0CA2145',NULL,'2025-12-02 18:31:01','0.0.0.0',0,0,'',0,0,0,0,'','0','0',NULL,0),(68,'RNDBOT64',0,NULL,'0B8D3880098B984C864D941D3C1A14AF2BA92B38BCBC8E0DFB4BDC26794D4B56','EC67ADECE76F32B2EA26BADDA0D368786E3D7CA18527C9A8FB39FD5FC1B1F9AD',NULL,'2025-12-02 18:31:01','0.0.0.0',0,0,'',0,0,0,0,'','0','0',NULL,0),(69,'RNDBOT65',0,NULL,'7E9ABA29AC90D69E110E589D34465B2F886FE714E9708AEA4D4A12FD3A953D8F','A89378E66C842555273E7EEF3EE2BFE12BED510FA6358808EA4846ACA8679A07',NULL,'2025-12-02 18:31:01','0.0.0.0',0,0,'',0,0,0,0,'','0','0',NULL,0),(70,'RNDBOT66',0,NULL,'6F463408B9A6899025904AB5DF5FF9035EA63B1CAF450A3C6E912D2103138535','E59407BDB2B5925607F2F21E3428F91BF32BD509BCC2B90DFE6CA97DB8B75B2B',NULL,'2025-12-02 18:31:01','0.0.0.0',0,0,'',0,0,0,0,'','0','0',NULL,0),(71,'RNDBOT39',0,NULL,'0D61B82D955A3EC949C861C5CB49F4B45C25324522A1CE309393BCA39B995371','B7133DF065D04EF14C34CB01EE8A48FD83997BDAB5A0A7C39203E981F6CDF0A1',NULL,'2025-12-02 18:31:01','0.0.0.0',0,0,'',0,0,0,0,'','0','0',NULL,0),(72,'RNDBOT68',0,NULL,'51FC6BB246FB02E4260942B968600F54E79332A47E29794328770705ACE4D93B','CC1DB06E9D853D8A6FCAC9D9F7458B3336ECCB90CEE25508E331C32DCB217661',NULL,'2025-12-02 18:31:01','0.0.0.0',0,0,'',0,0,0,0,'','0','0',NULL,0),(73,'RNDBOT69',0,NULL,'0F6615A38099BD38DFBEACC627BC6CBB03C61BC8C1D69A76F2DA5E644D598C18','F4B78481BD31BE947F61E9581527BCFD82A6188D9B6ADE3D393E26D8DAE483F1',NULL,'2025-12-02 18:31:01','0.0.0.0',0,0,'',0,0,0,0,'','0','0',NULL,0),(74,'RNDBOT70',0,NULL,'5CD5FBE8D8C05CF62B837E3F58765256CC3840334AC24BA39494BFF182AF1A0A','EA312274672AADAA743528228389830B88A43E30C0C39F991053426E58837BC9',NULL,'2025-12-02 18:31:01','0.0.0.0',0,0,'',0,0,0,0,'','0','0',NULL,0),(75,'RNDBOT71',0,NULL,'113BEA2AAD3018F0E4C05824A658BAD55193B4BEB741351B00FC0444B5A997AF','AF606C4061053E94AABA398A1CC64AA753ADB60783E488C79D4434FB24D1BDF7',NULL,'2025-12-02 18:31:01','0.0.0.0',0,0,'',0,0,0,0,'','0','0',NULL,0),(76,'RNDBOT72',0,NULL,'0DEEBBEB4940EF4F0C25C974EC4E85B4DDC975C8580BF6A15D4B5D32DE14D024','DEE3DDDF71C7CAF28E01C96DF8EB69629E3341083032734F113AEE3209B6FEE1',NULL,'2025-12-02 18:31:01','0.0.0.0',0,0,'',0,0,0,0,'','0','0',NULL,0),(77,'RNDBOT73',0,NULL,'6E874846BC106C898F994222FEE162C55E19001AE58E42CBDEC55E8C94847DA2','C83CB9E0A59BC8E34ABE54660A2CAD29E1DF83ACAFB60D8E156ED6E62B79C2F7',NULL,'2025-12-02 18:31:01','0.0.0.0',0,0,'',0,0,0,0,'','0','0',NULL,0),(78,'RNDBOT74',0,NULL,'496A1DFB6228B70C28F4939F72F5EAAC4C41CA5B701D7D1B9D55803D4891EA41','D2D890B14E79984021EFAB1435F030C311D53EACCF1959BA97CCB9CE6A6279EF',NULL,'2025-12-02 18:31:01','0.0.0.0',0,0,'',0,0,0,0,'','0','0',NULL,0),(79,'RNDBOT75',0,NULL,'15F6CCDE3A33E6F2BA1BD1A2078C883E45FE689C0C96FB879DC01FFEBC930664','8E1B25AA941BED8E3DB51FE4E9648E8EE56B389EDC40664BF136C61B1A95C899',NULL,'2025-12-02 18:31:01','0.0.0.0',0,0,'',0,0,0,0,'','0','0',NULL,0),(80,'RNDBOT76',0,NULL,'5011FE3B756647B8A1D37A03869E7CEFCD9F49B89D9D0E2486D6FF663E72E805','D975125CA50495F18A1EB7B46C2541FB278F6D5D4B09324BD82CDF9599F300BF',NULL,'2025-12-02 18:31:01','0.0.0.0',0,0,'',0,0,0,0,'','0','0',NULL,0),(81,'RNDBOT77',0,NULL,'62235D8030BAD492C953F04B4098E72783034F2D6B07E9A026F839C4103B6257','D01504AF401D6C849EF5042B332192B0930740D7DD4789202E07D7595DF98459',NULL,'2025-12-02 18:31:01','0.0.0.0',0,0,'',0,0,0,0,'','0','0',NULL,0),(82,'RNDBOT78',0,NULL,'4BC009D140FA68A7255049F61FE83A6ED5336EFCE361FC1779A8D6E5C108746E','A8A5142D1180129E8B47F440BF6F38F93D0F5B745B5F9D19B34713F6D4F8A4AD',NULL,'2025-12-02 18:31:01','0.0.0.0',0,0,'',0,0,0,0,'','0','0',NULL,0),(83,'RNDBOT67',0,NULL,'1D4E4E8804EF42048BDC996029E8A49F513AAD6FE59B52ACD9F15C19C56D4BBD','BA0B5B9B29D67C4F21516E6E0F2F2E40679D7A3D5477565F309811E87B378285',NULL,'2025-12-02 18:31:01','0.0.0.0',0,0,'',0,0,0,0,'','0','0',NULL,0),(84,'RNDBOT80',0,NULL,'81659C0AF6D0D4E30F3EA254652D6DAE6744DE6055EC9A9084497284BCE2DC1E','FE6156B0DFC2A0CF92DCFDC13195F97803FDD84BD69E32C3273BBA5945D3F3BF',NULL,'2025-12-02 18:31:01','0.0.0.0',0,0,'',0,0,0,0,'','0','0',NULL,0),(85,'RNDBOT81',0,NULL,'4845DC74938506BE65812AD7293847203FC7828C8CA36E4D6646690A468EC396','932C958E6118821089662A1A340CB504C1C529F379A41692E74EB516FB9117DD',NULL,'2025-12-02 18:31:01','0.0.0.0',0,0,'',0,0,0,0,'','0','0',NULL,0),(86,'RNDBOT82',0,NULL,'52826D4458CD6DD7515FC1A738889CFFD4F7DC09B686D79D8590C74F7FBC4EB7','DF9EC844A6166A57A12C32F4381964189D237E68259E1A1AF2BCFE8A56CA0709',NULL,'2025-12-02 18:31:01','0.0.0.0',0,0,'',0,0,0,0,'','0','0',NULL,0),(87,'RNDBOT83',0,NULL,'1F379F1A82641B67B14D0A49D0E8FEB9E3EB1829554AA6CC84775EB1295B877E','BC1194F7E13331532179CD3E8E68DABCC1DD136D8371755FC21EE6D3F799F2D1',NULL,'2025-12-02 18:31:01','0.0.0.0',0,0,'',0,0,0,0,'','0','0',NULL,0),(88,'RNDBOT84',0,NULL,'7B34DA8E924BCA6FE1940D26FEF7741D1585AE65697ECB141A3891B311A48C3F','B638B3DCBAADCE09566F00FF4B7A6B0110D77B00DE6B0D5556690902269E30CD',NULL,'2025-12-02 18:31:01','0.0.0.0',0,0,'',0,0,0,0,'','0','0',NULL,0),(89,'RNDBOT85',0,NULL,'0532EF0C53A55049701EC896B438EA2975235650B5F9DA62F89E3887F7F76325','AC749615BFCC705161B48204BCB01A51D69F32866FE54FE2BBF5B67C3F36F65B',NULL,'2025-12-02 18:31:01','0.0.0.0',0,0,'',0,0,0,0,'','0','0',NULL,0),(90,'RNDBOT86',0,NULL,'8190CFBDE934886C22DF1D7850241749F16620BD5A6C9987E3A2FDAA2383C1BF','8C85749052493600C49F02575E5557966586BCBFBBF8BF94ABA6CD1269096FDF',NULL,'2025-12-02 18:31:01','0.0.0.0',0,0,'',0,0,0,0,'','0','0',NULL,0),(91,'RNDBOT87',0,NULL,'757AA16348ABC1A7C421AAABA21B292829A184DE1984E9AB110A04750AB56C5C','EC0902F9DB106AE72985E8D0F8A9F0E4E7E489556EE7D553137CDED1975B4037',NULL,'2025-12-02 18:31:01','0.0.0.0',0,0,'',0,0,0,0,'','0','0',NULL,0),(92,'RNDBOT88',0,NULL,'38CB5313B86BA707CA12EB96DAEAB12A3FA43B8096509FF45D4E97A248E92F21','D3D9C94259F2D3A2422C24AEC68E17FAA7E4A7B22D688C5385BBFF505530C247',NULL,'2025-12-02 18:31:01','0.0.0.0',0,0,'',0,0,0,0,'','0','0',NULL,0),(93,'RNDBOT89',0,NULL,'65C6AF7119DC3D4820ACB1AC315604685EDFDBDD50AD5AE2BC6B31D1BD023F61','D7028DF355F69B18544A7AF674640D46F1FB3F7DADF5912213B0FFDB8A6B0F85',NULL,'2025-12-02 18:31:01','0.0.0.0',0,0,'',0,0,0,0,'','0','0',NULL,0),(94,'RNDBOT90',0,NULL,'0D251BFBA68EE2A5ED12E9653FD314F4C5C09DFFD4458B53238372C9D32EBA76','85C8917513F008D11E0222A3AEAE279EE53DCA2D8A539C465FFBB4585CFA5487',NULL,'2025-12-02 18:31:01','0.0.0.0',0,0,'',0,0,0,0,'','0','0',NULL,0),(95,'RNDBOT91',0,NULL,'5EF2DD430AB1A7ECF5A53EEDDEB21390EAC3654B7EBBC175663133BCE368D26C','A75AA5E7F624664B03F9FBEA07ED19A65D3ECDBB7AB426B9370EBF3A109AF367',NULL,'2025-12-02 18:31:01','0.0.0.0',0,0,'',0,0,0,0,'','0','0',NULL,0),(96,'RNDBOT79',0,NULL,'1E7FBDD1F933508B4CEC816CE7809CB411AFD9C9F2C60015F5DE5BCFC35ACA23','C03067599E843EC4E56C13F5A5E05BB0B294C2D1D2D1D8A9208113BD33D289FD',NULL,'2025-12-02 18:31:01','0.0.0.0',0,0,'',0,0,0,0,'','0','0',NULL,0),(97,'RNDBOT93',0,NULL,'4B0168CFE0DD8AE6075DDB46469659242EF87A55633CA12159512360E7F54C9A','CE32603C4046E9043D27B60F44F2368108F7380D3749E667C1C80831CE65462D',NULL,'2025-12-02 18:31:01','0.0.0.0',0,0,'',0,0,0,0,'','0','0',NULL,0),(98,'RNDBOT94',0,NULL,'82EACA42A90E3B013A8C270684C90ED89E5388B69A239063DD09C887F7013436','D37428E53F024235439DBAEAD8A11A434C6CC9416A40050D36333301BE2AC801',NULL,'2025-12-02 18:31:01','0.0.0.0',0,0,'',0,0,0,0,'','0','0',NULL,0),(99,'RNDBOT95',0,NULL,'4CC622F49EDA6EDB75355C35FCD498986640E03AC1773367684D7ABDE0137720','D9313349CABCCEF2CB4963FAD70E96E9B23BD1EDFEB336E6BE8A8792EA65AAE9',NULL,'2025-12-02 18:31:01','0.0.0.0',0,0,'',0,0,0,0,'','0','0',NULL,0),(100,'RNDBOT96',0,NULL,'2A2CC6BC04CA9A62BFE4C17610488AA710E769273A47606D44AA6DDE112FF234','E4B1A86DF4C86FC11BE74277A47D7746360BE3205464E0E7DCFA089DE0F57ADD',NULL,'2025-12-02 18:31:01','0.0.0.0',0,0,'',0,0,0,0,'','0','0',NULL,0),(101,'RNDBOT97',0,NULL,'742AFBA6C92A5C876A8A07CC818B566EBF089629F1119F417E403FE15E6C4DC1','E143FBF3DDEB5937146A0ED930F91F78EDCF0A0CBD37A21D6E981A5BDE03FE97',NULL,'2025-12-02 18:31:01','0.0.0.0',0,0,'',0,0,0,0,'','0','0',NULL,0),(102,'RNDBOT98',0,NULL,'108E95C616106D0E398174CB2BAF1EDC756C6F68AAEB6B860999349F7997DD63','F1B8DAB455E29E5C551C6E1E82D11A6BBC67990821052E271ED01152ED946B91',NULL,'2025-12-02 18:31:01','0.0.0.0',0,0,'',0,0,0,0,'','0','0',NULL,0),(103,'RNDBOT99',0,NULL,'1269767E404F198CA06EABC8E6BB0FA900E7FCDFFF9F0A1F094721BB28FD2940','F32CA7E5C92AF561442DF3D31B7E18AB311B10391426143DEFCFEDEE0A4773E1',NULL,'2025-12-02 18:31:01','0.0.0.0',0,0,'',0,0,0,0,'','0','0',NULL,0),(104,'RNDBOT100',0,NULL,'80E1F53E63AFD19CBD1CD1194E8956E29D6D1FBBB6AC5D89CE4B7FEA20786984','E4AE28CE7A601257516C525F0C934A28188031554EF6EA5A24AD4360C287DB43',NULL,'2025-12-02 18:31:01','0.0.0.0',0,0,'',0,0,0,0,'','0','0',NULL,0),(105,'RNDBOT92',0,NULL,'10C18194A8F744E47BCF6B17123E85B04050A3F9C5451B797D393570597D7CFC','AF839E0E9308E423159945B4AF13BCCAF8704A8A0E55CAA111ABCB2BD6138FB9',NULL,'2025-12-02 18:31:01','0.0.0.0',0,0,'',0,0,0,0,'','0','0',NULL,0),(106,'RNDBOT102',0,NULL,'60819984FA20E3B552138A465CC237F3BEB09908059D9AD0F82E00BF41910DE7','972F1BA5D31AF540F64B5729A226A7F320DE4810160A5406A41C3C9966965049',NULL,'2025-12-02 18:31:01','0.0.0.0',0,0,'',0,0,0,0,'','0','0',NULL,0),(107,'RNDBOT101',0,NULL,'83299F3EA56CC5777998C31402FFD4402FFBE28DEDB8ADE376AD13B0AA1FCB53','C52262EDC1C67CA049E3D02A8D95667F5D6E46FC7681B07F850C6FC9652CC53B',NULL,'2025-12-02 18:31:01','0.0.0.0',0,0,'',0,0,0,0,'','0','0',NULL,0),(108,'RNDBOT104',0,NULL,'63515DFB759F0CA9E34B65A2653545938223922611294B4B25751C2EADB9F9BF','8099CC1E35DAA10B1A7F4DC35EB872D894669D30055B1C57A37FBECF1B2CB617',NULL,'2025-12-02 18:31:01','0.0.0.0',0,0,'',0,0,0,0,'','0','0',NULL,0),(109,'RNDBOT105',0,NULL,'580A870C1FF328705EE4DEA22C790E85B96DCA3B5893BE0A5B97E3C472B814DA','F8D2757DAF63D9F146BA01125A00F729658F169BB93022982EAFC3E3C7F814D9',NULL,'2025-12-02 18:31:01','0.0.0.0',0,0,'',0,0,0,0,'','0','0',NULL,0),(110,'RNDBOT106',0,NULL,'36065829F1577B4CDA345E2EEE3EDA7D02C91F0565B0B7797528D13BA753D438','B9E92232B3427E1A2CE32FE48EE319BA5C9536EEE243FEEBB9BECBBE606B7A95',NULL,'2025-12-02 18:31:01','0.0.0.0',0,0,'',0,0,0,0,'','0','0',NULL,0),(111,'RNDBOT107',0,NULL,'04524E4960AED685D115E01E6A5190A3D8E1227A2872490D56AEEADE9BB835D9','D3979CE1B32E637162870F1A47C92005FA6F1036B2CB3963C6E60DF4FE25A3B1',NULL,'2025-12-02 18:31:01','0.0.0.0',0,0,'',0,0,0,0,'','0','0',NULL,0),(112,'RNDBOT108',0,NULL,'4E33BAAC7D33214344902CC2E2285D09E12D15272203065A1375C7E71A3201DA','F629059716882A7FCFC51BA099629B8E0D3B1D5F9B5C9199DC727A893250ECEF',NULL,'2025-12-02 18:31:01','0.0.0.0',0,0,'',0,0,0,0,'','0','0',NULL,0),(113,'RNDBOT109',0,NULL,'3B80DF3088282D1CC98DFEC0E30F1831AC68C4CBBAEF053689A8D8A7FB686F01','841BB5D32060B7E51BA66B8081CEADDE69127C52E69191F5BF6312F344E0C879',NULL,'2025-12-02 18:31:01','0.0.0.0',0,0,'',0,0,0,0,'','0','0',NULL,0),(114,'RNDBOT110',0,NULL,'1EDEFD3A694DAEEA9F83C0E842EC3B565CC410722F32A97F0C50728CB5640DAF','F645384D469A923A3F93100B6C186E4DC5AD57EEF88B5C89EBA50C91F418F327',NULL,'2025-12-02 18:31:01','0.0.0.0',0,0,'',0,0,0,0,'','0','0',NULL,0),(115,'RNDBOT103',0,NULL,'1E387B48C6DE1B777544CC6E759C870444BE7ECC47262CB3A2463929D4FD1653','8F4ADC74FD622EE271B3F3C3058F340AB574A757982D5ADC2B244F8A5FD14605',NULL,'2025-12-02 18:31:01','0.0.0.0',0,0,'',0,0,0,0,'','0','0',NULL,0),(116,'RNDBOT112',0,NULL,'2DF2A576FB5D219AF44EAE8A81A6F3B356A625E4EA9D421CE8765EF749E738C7','82CA2A7E5140287C74E0EC8DDCBB56C8F9A795E477C90993FB8734C9950791DF',NULL,'2025-12-02 18:31:01','0.0.0.0',0,0,'',0,0,0,0,'','0','0',NULL,0),(117,'RNDBOT113',0,NULL,'05E9D5F6D23AA4DC764C67820C569BEBBE658DF86D064D7BBF868FABE85C7589','BA5F322CFD0FEF7B37F7047598E67F971F31AC2DCE01D8E8A377BF3D820DCAAB',NULL,'2025-12-02 18:31:01','0.0.0.0',0,0,'',0,0,0,0,'','0','0',NULL,0),(118,'RNDBOT114',0,NULL,'19932FCFCD4DFD2F68C4AF2A17647D74E46FE1E98FD57503EFCDBA10802206A6','D3ADBD7CE869FFFF6A4ADAFACDB4DE7694033FABA364F0DDFB192E15C2D94A77',NULL,'2025-12-02 18:31:01','0.0.0.0',0,0,'',0,0,0,0,'','0','0',NULL,0),(119,'RNDBOT115',0,NULL,'7D89E6254C2C565877AB548BAC961CE5EB57040B204EE2DD82D5DAF9BE210A4E','B0817815398ECCD961A74C7FC69F2CEC95F9EAB644F19FF4B1C10279C602FAFF',NULL,'2025-12-02 18:31:01','0.0.0.0',0,0,'',0,0,0,0,'','0','0',NULL,0),(120,'RNDBOT116',0,NULL,'1F6D7F68FF2DF4DA64468C9848AEB84D4C2FD9638C028AC6309FA3341D5D49B6','D7397F025FCDD84F443C4072584397B09F69357ACCC08610447004ECD5396FE1',NULL,'2025-12-02 18:31:01','0.0.0.0',0,0,'',0,0,0,0,'','0','0',NULL,0),(121,'RNDBOT117',0,NULL,'7DA87EA5D5EE5BE29599531E3862D69A3A3D5ABD956F936DF2B4822F4B78DCB6','BEC7C3C9ED0D7245433A0B892FE183F149E3F68120989AC3C0EAC5644F4C9CA7',NULL,'2025-12-02 18:31:01','0.0.0.0',0,0,'',0,0,0,0,'','0','0',NULL,0),(122,'RNDBOT118',0,NULL,'6B70DB2BCC73B5290D7C976A2D017DD39C6018D02542234FE31E226DD6F6E24D','BAC1D4C4D23C0CFA7023D4A264ECDF412D27404068ADB83CB0753A12D30BD58D',NULL,'2025-12-02 18:31:01','0.0.0.0',0,0,'',0,0,0,0,'','0','0',NULL,0),(123,'RNDBOT119',0,NULL,'7F624083C0B74F653A23DD3714CE0215C50F4D4F32F2EE88B81C4970945706A8','930A43091A6D0AA637F612D991128A96CC11EDB95FB829C588443F1E3BE1CF6B',NULL,'2025-12-02 18:31:01','0.0.0.0',0,0,'',0,0,0,0,'','0','0',NULL,0),(124,'RNDBOT120',0,NULL,'4075021456ABD5A44B5A66841C96E5AFE4A09441977EB7140929426D5921E0E3','FE0F83A8272C402A04EECC6578FF5C1FAD42CEB832F1A09EFBD5014A03EAA839',NULL,'2025-12-02 18:31:01','0.0.0.0',0,0,'',0,0,0,0,'','0','0',NULL,0),(125,'RNDBOT121',0,NULL,'7084B579DACD0CBC0E733794780FD0E65B8F8EED0F18959575617B3EAB8BDE73','E8575DA9724E30B5839D2AEF998368692378C77C1AD940C84E65B8B66E782E33',NULL,'2025-12-02 18:31:01','0.0.0.0',0,0,'',0,0,0,0,'','0','0',NULL,0),(126,'RNDBOT111',0,NULL,'47382A17F8F6314CE3B264217702A76431FDFE9B7B14AE42633DFCFB78969031','FC5099446F172D1F3DDD229BFB685F9803F16E95495CBC1E3BFF9C310A99B4C1',NULL,'2025-12-02 18:31:01','0.0.0.0',0,0,'',0,0,0,0,'','0','0',NULL,0),(127,'RNDBOT123',0,NULL,'0F1BD54968575A6E1E453053D9CACAF5FA65EC5E1700C61D310E7BE2F1C6E2CF','D280817BDFB6451DBA8B6969EBDA724F707C62E61D6986F30F2F0BF4FC631653',NULL,'2025-12-02 18:31:01','0.0.0.0',0,0,'',0,0,0,0,'','0','0',NULL,0),(128,'RNDBOT124',0,NULL,'0505D78BB815134696BB92C1CD9DBE63B7B50438D0BCCCC3539A2D7944EE936E','F46E8221711A3AC884D06E7F692FC42CB4A6923E36C1F7E5A6A849A2D3D64B6B',NULL,'2025-12-02 18:31:01','0.0.0.0',0,0,'',0,0,0,0,'','0','0',NULL,0),(129,'RNDBOT125',0,NULL,'7E254E4B6A74E7CD90DF3E12E2E11D394946525E6D7C453357C288B6DB6A15C7','E7074CFC1A2824E9971959BE39CB2842391EB86392B81FDF9B6C3507AD84D565',NULL,'2025-12-02 18:31:01','0.0.0.0',0,0,'',0,0,0,0,'','0','0',NULL,0),(130,'RNDBOT126',0,NULL,'24DEA227C87DBB334BABA7D3986DA04F5588D2F3C3C8B35D9A8F7DAB900E3991','E7ACC12645E68F176D58AE6531F2D2B4E5ED7C1D9872076E0FAC6B0482294EF3',NULL,'2025-12-02 18:31:01','0.0.0.0',0,0,'',0,0,0,0,'','0','0',NULL,0),(131,'RNDBOT127',0,NULL,'67C7BBA6CDC3C9FA58100081D8B330F37654987F2C154BD1ED5048CABC13F1FD','B7A0F6985AA77CC0AC74FD9A856CD602CA01C3F7A219B6525F8FA7349EEC4D39',NULL,'2025-12-02 18:31:01','0.0.0.0',0,0,'',0,0,0,0,'','0','0',NULL,0),(132,'RNDBOT128',0,NULL,'50244C25E8D52593C2E8E69CCA64334336D6E07A850054EE79F1CF5FF1FD1979','9A2C138937B3A06C621B6F8F1D34C261E411A182EAA37D3C35BE0591885845D1',NULL,'2025-12-02 18:31:01','0.0.0.0',0,0,'',0,0,0,0,'','0','0',NULL,0),(133,'RNDBOT129',0,NULL,'190BE99FA5B68B2C6E3FEE028666A2205A6DBD024DD79E68B8F56BC1B42EEF48','B63587383EA0FF73774F1BF2B44CFA287606B7F998B13F3F3C34213B7E091471',NULL,'2025-12-02 18:31:01','0.0.0.0',0,0,'',0,0,0,0,'','0','0',NULL,0),(134,'RNDBOT130',0,NULL,'2944AED3B9575DF20F3262142447F91D4E896A8585160014CF0538EB8E6069EC','E079A7A1BA899DB4B83DAF2F9FD04B5B643EED72F10455568A1313F7951B447F',NULL,'2025-12-02 18:31:01','0.0.0.0',0,0,'',0,0,0,0,'','0','0',NULL,0),(135,'RNDBOT131',0,NULL,'7EA8E0586DDD67BFC3F4EB22A23C1BA4DF2543AAD2E669D2B1956B3EC1D9AD10','A209F9E053F9FD60E1F55F1923BF1CE1EA5A6CFBCCB70E645B987B3E787E2D8F',NULL,'2025-12-02 18:31:01','0.0.0.0',0,0,'',0,0,0,0,'','0','0',NULL,0),(136,'RNDBOT132',0,NULL,'6249076A1A44F4C75E9453CF104AD30511D0C20A885DDB291DC39E3C107F552D','B956DFDD296AC31115A524EE2BF1697B6B5EB9394B23ED4B274D659D7DDE8FB9',NULL,'2025-12-02 18:31:01','0.0.0.0',0,0,'',0,0,0,0,'','0','0',NULL,0),(137,'RNDBOT133',0,NULL,'6CCD33779DB7D60607D92CFA7A993DAE0CBC3F4BBC0301608C225F96DA898223','AC573E51E72E27E23065F9359E02007257E3CE929C0A8FE486751EEA04D96FA1',NULL,'2025-12-02 18:31:01','0.0.0.0',0,0,'',0,0,0,0,'','0','0',NULL,0),(138,'RNDBOT134',0,NULL,'5E1AE406BDA3BD4DC80A8568BCE4B7A8F54E5E9220A6962955A186173721784D','83AF4952AE02244D43B9A3E1B0645A559768795044F48BEDE425DB66B58FB11F',NULL,'2025-12-02 18:31:01','0.0.0.0',0,0,'',0,0,0,0,'','0','0',NULL,0),(139,'RNDBOT135',0,NULL,'4C4180F352F8B4EF43ECC73D7305DC4010E475D447F377709FBCD1D1CDEE9CC2','AA4479A9C96340BA8021FBE2E72483CB9122F8F88534F063B7CBBC02D074F499',NULL,'2025-12-02 18:31:01','0.0.0.0',0,0,'',0,0,0,0,'','0','0',NULL,0),(140,'RNDBOT136',0,NULL,'2A63F35E520733B5A57D0BC35B72D3A7B110D0099D62EB801129E0EA8CFCD7DE','CFEDE6B921574673FDAF3297A42133E243BC2E5A9BE9F58799B475D8ECDE4A67',NULL,'2025-12-02 18:31:01','0.0.0.0',0,0,'',0,0,0,0,'','0','0',NULL,0),(141,'RNDBOT137',0,NULL,'57272AF9AEE83CE5B831626A1C661AECE3B347AE53411FFF9CB252FF787DD8ED','C50BFD117F8999B20C7AB1926B10E986760A9CC823BD43D38C7C9D95F31328FD',NULL,'2025-12-02 18:31:01','0.0.0.0',0,0,'',0,0,0,0,'','0','0',NULL,0),(142,'RNDBOT138',0,NULL,'721AB27100C0FAE3148A7EEC647518F96810757026EC5A9ED2A911AB8AF2952C','F1DCF2AEDBBBB326029C097B6C32A2A04EACF2FA895D30C4D63641441189C4DF',NULL,'2025-12-02 18:31:01','0.0.0.0',0,0,'',0,0,0,0,'','0','0',NULL,0),(143,'RNDBOT139',0,NULL,'69D260F51D8C00BF5DEA9A35218DF14BC84809FF132FCFAAFD605EA886BE1500','BC72CC812B4311B09BA671FBF3ED29BAA5402D37869EC71A7DECC578231A7BFD',NULL,'2025-12-02 18:31:01','0.0.0.0',0,0,'',0,0,0,0,'','0','0',NULL,0),(144,'RNDBOT140',0,NULL,'5A76C22FDC7643258B7B2333E0F3816E551C3712F8A30939ABA2F68FC8DBC6DC','FDD46286CCF6D79F9FD4FB7B12122B7D2069CC22F6994818B641A90AF2A253D5',NULL,'2025-12-02 18:31:01','0.0.0.0',0,0,'',0,0,0,0,'','0','0',NULL,0),(145,'RNDBOT141',0,NULL,'82088E1539E52FE156C0D267FF50B17A355EF4A5D4A5C3FF46F856EB7848E890','B86DEF60D871DF8DE5559877196594ED25E5343126F9C0CF45B7497A909CD9A1',NULL,'2025-12-02 18:31:01','0.0.0.0',0,0,'',0,0,0,0,'','0','0',NULL,0),(146,'RNDBOT142',0,NULL,'023B6BDAD6060979F5A220BF94150E573DBA003F6ABFE934F022BD6F85F4D16A','9C3FB3DAE7333A36627CE9AF7C2AD6F8B3E00FB93B08B6BA7CCC09753FA57A91',NULL,'2025-12-02 18:31:01','0.0.0.0',0,0,'',0,0,0,0,'','0','0',NULL,0),(147,'RNDBOT143',0,NULL,'089FF4331375838FAA8CC1B35543D848767B8A1B80D9B9812C5AC960BE42D5F0','B4A3CD3B09840DA732444E03BC7D5464E284DE368CEDC707BA13072D2FF46A2D',NULL,'2025-12-02 18:31:01','0.0.0.0',0,0,'',0,0,0,0,'','0','0',NULL,0),(148,'RNDBOT144',0,NULL,'31CE30921EE4D6494AF648AE0E4A16A5E37DEB5212672366BC625816E9C24461','8A9142111721A7B96996671BBDFB333E13FDB7409AEE3AA8145882B0C59CDFC3',NULL,'2025-12-02 18:31:01','0.0.0.0',0,0,'',0,0,0,0,'','0','0',NULL,0),(149,'RNDBOT145',0,NULL,'3B339E77DFE52B5ABA6FC242245B1316DB29C99E9A122D0B3FA40E55EAE4E210','AF4EB1377A78501E68D065B233E0A751563BF2B3F2E408A9E346180A6E787DC5',NULL,'2025-12-02 18:31:01','0.0.0.0',0,0,'',0,0,0,0,'','0','0',NULL,0),(150,'RNDBOT146',0,NULL,'191DE0CAEC863F37CD7826F379EE352AC5113A4540ACA2C89DBF9411D9C044CA','83BB70E39221FDB9EE044E80FDF386DA33CD9093238A53BE359EDC82EDD8DB9B',NULL,'2025-12-02 18:31:01','0.0.0.0',0,0,'',0,0,0,0,'','0','0',NULL,0),(151,'RNDBOT147',0,NULL,'06A43FA3B11276D9E4AA0B9139B981AB790FE20E5AF3A13E03421C75DAAA255D','D33BADCCE1E77C8773F9DC655974A2DCC81DDD8495355AFBE2C5226E2460A9D1',NULL,'2025-12-02 18:31:01','0.0.0.0',0,0,'',0,0,0,0,'','0','0',NULL,0),(152,'RNDBOT122',0,NULL,'15E4F80AF5F839877D7776992C095C8DDDB850159DC373B93B8FFAF4AFC4D747','B2A94EAFAAE20945BB0AE7AFB3DC29522AB8E9F5892C3817E4B76B232125DB51',NULL,'2025-12-02 18:31:01','0.0.0.0',0,0,'',0,0,0,0,'','0','0',NULL,0),(153,'RNDBOT149',0,NULL,'260424D60147BFC4239D56127929A09B01EE0358DE50A94B5B597E16A4263D9C','FC4312A385E855FF10ABA47370762BC9863AAF2C34BB2BAC63D6C8508875CADD',NULL,'2025-12-02 18:31:01','0.0.0.0',0,0,'',0,0,0,0,'','0','0',NULL,0),(154,'RNDBOT148',0,NULL,'15868ABC91BFA2563BC5120AC89B7DCA6488E203D35A52088A01E6B0DDB9D5CF','C93C6C3BA8ACCDAD83C4152CFA281333DE711D5EBA764190B558E81AAC3AC091',NULL,'2025-12-02 18:31:01','0.0.0.0',0,0,'',0,0,0,0,'','0','0',NULL,0),(155,'RNDBOT151',0,NULL,'5E0F18CC3678E2FFF74308C2E0720FC1D85312B0E81F4AC32F8AB5BE8CDF1BBE','89BE31A881E8CB72056CEB7F26DB0A497DE114AAA1789B643D0F05E45AB839D1',NULL,'2025-12-02 18:31:01','0.0.0.0',0,0,'',0,0,0,0,'','0','0',NULL,0),(156,'RNDBOT152',0,NULL,'3EF37797C087A088C723F722B33CE573F199CD26CC1821E7B9554E1767AAB925','F6B07498BDC8B19E4B277957BE8837857F237755987637077A12F210EDF19241',NULL,'2025-12-02 18:31:01','0.0.0.0',0,0,'',0,0,0,0,'','0','0',NULL,0),(157,'RNDBOT153',0,NULL,'438E0C37908B82BBD809BD8E056FFCF1DA68BF2B4E3F763F7C336317AE24E03F','B317CF9ED4C9CF3D1BBFDB010AE1726810BE836FA13EFE2A4B247B4BBC3DC049',NULL,'2025-12-02 18:31:01','0.0.0.0',0,0,'',0,0,0,0,'','0','0',NULL,0),(158,'RNDBOT154',0,NULL,'09D5FBBD8FF8ABC17F1E8F7603A64797605A58B42D6F39E30F0F4A892D8C0FE8','DA5F3D3AD6026F18624CA489BCFC20E115B03E4B0492AE366ECC892AB817AE2D',NULL,'2025-12-02 18:31:01','0.0.0.0',0,0,'',0,0,0,0,'','0','0',NULL,0),(159,'RNDBOT155',0,NULL,'4CADA8CA19581557A7671068E9C9AC5F8FE842E52DF34FE5D4BB5E60B56F5109','8B910FB4C5DF0D9BD3BFFBAF77CAADC6086C634462D44C59941F2DF7AC10283F',NULL,'2025-12-02 18:31:01','0.0.0.0',0,0,'',0,0,0,0,'','0','0',NULL,0),(160,'RNDBOT156',0,NULL,'6032DE14FD281DC1EBD29597BE8CCE0D88F61E00E5A891532AA40554617DAEB5','8014613D62D4D19080C8C33194D05F3BA7DD01384CE264288B3028E3F538CE13',NULL,'2025-12-02 18:31:01','0.0.0.0',0,0,'',0,0,0,0,'','0','0',NULL,0),(161,'RNDBOT157',0,NULL,'7559CF4187569181E8712F6918AE8479C183AEAAA89C4E089E94CA12FA4E9CB4','E82CCE3688D3C20E64CDAB4A3F82CEFF096ABECE52BFA25113456BD50EAF76D3',NULL,'2025-12-02 18:31:01','0.0.0.0',0,0,'',0,0,0,0,'','0','0',NULL,0),(162,'RNDBOT158',0,NULL,'2078D889357ADDD9F2EC282823185BE42D32EC4BDC72FD48BAFFB80B5BD7384A','CD957E6DB70F4D3C6542038E5606EFF5F4990CA84CB4902CC7BC5A5C919F1C97',NULL,'2025-12-02 18:31:01','0.0.0.0',0,0,'',0,0,0,0,'','0','0',NULL,0),(163,'RNDBOT159',0,NULL,'4CA0F2012BCA58DBE6BF9B1016E24C255D42ED5A304D0123B0251E446E41A223','EC3BC09CDE09185AB71507ADA7B2C117B368826D5512CD97BF1FC101A37727F1',NULL,'2025-12-02 18:31:01','0.0.0.0',0,0,'',0,0,0,0,'','0','0',NULL,0),(164,'RNDBOT160',0,NULL,'25073C9F396A7E4678A91790359B99B9CFC4DAD1FE04139665A4C254EA8D5155','EFB8E471B7E74FFCA8211A1FF2DBE2D744A099C10857374B7CCF8968A4A2FCC3',NULL,'2025-12-02 18:31:01','0.0.0.0',0,0,'',0,0,0,0,'','0','0',NULL,0),(165,'RNDBOT161',0,NULL,'025C497642EB5D5615FDF3AB7849BB1BFEF66AE292787383B80973574526539B','DA9CC42700C863A9EC1E6535808C8B46B88E45CAF5CE2A4AAF47297B577A6247',NULL,'2025-12-02 18:31:01','0.0.0.0',0,0,'',0,0,0,0,'','0','0',NULL,0),(166,'RNDBOT162',0,NULL,'5F70500D98B87D50F23206D345E0578B7D16389E51D923B68E363BC2FC957B15','E70242A19E99C420E0E3035AE9F4237BE99146C94C9C6518716940BB5DFD761D',NULL,'2025-12-02 18:31:01','0.0.0.0',0,0,'',0,0,0,0,'','0','0',NULL,0),(167,'RNDBOT163',0,NULL,'12CD8E6FF8EC235855D254E0F3830659DA163909B925B048363453963BB2DE3B','FAA0768C892B5D747CEB1DEB34A627DC9D7455C750B07C3A874549BA970004A5',NULL,'2025-12-02 18:31:01','0.0.0.0',0,0,'',0,0,0,0,'','0','0',NULL,0),(168,'RNDBOT164',0,NULL,'52AE55021B3206654361B56B0A0A38FDDA76CD7409B99FA4383D874B40C76D67','FA46602069E42BF910D9AD455E86711C7DCB15BC479DD0FBE49ED7CFB99D3AE5',NULL,'2025-12-02 18:31:01','0.0.0.0',0,0,'',0,0,0,0,'','0','0',NULL,0),(169,'RNDBOT165',0,NULL,'46961FFD5781B4F7648BCF40EB32F3172428D3A9BEC10255D6217BA168DB65A1','D4A12BA3B4C8815F21A91FB5A1B38A02E4DBBDB4EA54EC238F6DAF23A4787573',NULL,'2025-12-02 18:31:01','0.0.0.0',0,0,'',0,0,0,0,'','0','0',NULL,0),(170,'RNDBOT150',0,NULL,'01182BEC525E6911262DC9CDF23CED889FF9D81E6E39E02222E6FBF2E5E8D611','D74DE9B9AE579C6AB7EC7B976F902879B2F22FAA6DAA2EDA78CB68B4A30F360F',NULL,'2025-12-02 18:31:01','0.0.0.0',0,0,'',0,0,0,0,'','0','0',NULL,0),(171,'RNDBOT167',0,NULL,'69F3C24C48869EE838D78418BAEE4D6A5A4C17E1D91280C57CED11331875F304','841C9C8085D658358C59296516961BBDEB951F0D2710F3DE7CAC929A3B58AAF9',NULL,'2025-12-02 18:31:01','0.0.0.0',0,0,'',0,0,0,0,'','0','0',NULL,0),(172,'RNDBOT168',0,NULL,'83A2797C7866BC80081D8DDA028F40F38C267E5AAFBB2CFE096A239DDF049DF6','83FECC2B8A4273D4A3D9F60FF1E5CEB7D56A98863EAC5FEB516F43E287FEE02F',NULL,'2025-12-02 18:31:01','0.0.0.0',0,0,'',0,0,0,0,'','0','0',NULL,0),(173,'RNDBOT169',0,NULL,'0416B54F2EC28CF054CB2F1D718A8985BB9F9E98D99F4BE5463223F28B932335','CADE980D9ECF37774BDAD536FFF2D43ED080CBF14E2D537A4648BE5879BFE7EF',NULL,'2025-12-02 18:31:01','0.0.0.0',0,0,'',0,0,0,0,'','0','0',NULL,0),(174,'RNDBOT170',0,NULL,'48E5837C94B3E2782F8D0CCA4CD9DC7566787B5B22715FC66418866B0F6E70F7','B146AD98104A3EBC599A35F6A96C6F3B3A522A77FC33B40045C41E10F6F0B885',NULL,'2025-12-02 18:31:01','0.0.0.0',0,0,'',0,0,0,0,'','0','0',NULL,0),(175,'RNDBOT171',0,NULL,'47BB355312086A1F692F3B41E33C531DFC656C85A77B003CFA03D5ADE9A4B385','960617B87EB9259053A09CE8FF43706DFF88B3947C140B2140EF60A92AA51E51',NULL,'2025-12-02 18:31:01','0.0.0.0',0,0,'',0,0,0,0,'','0','0',NULL,0),(176,'RNDBOT172',0,NULL,'1C38751944AFC881CF5BDF48B90ABA867FE8EBAD4DFCAD37603D2D66F1928AB4','EA3876AC1E5A9175AB9E5A63376A4EF271851DF5D432082DEBD4DDD600C22C13',NULL,'2025-12-02 18:31:01','0.0.0.0',0,0,'',0,0,0,0,'','0','0',NULL,0),(177,'RNDBOT173',0,NULL,'3C838181458B5665DC54D619228F7EA95A50DFD486722A197F3A7206060B3A4F','C0402501C14DC7D10F0D6D8FBD19E1373BD7371CB22A9650575A10C083089D9F',NULL,'2025-12-02 18:31:01','0.0.0.0',0,0,'',0,0,0,0,'','0','0',NULL,0),(178,'RNDBOT174',0,NULL,'25D3C4C8F09BF2D36BF5D004F206AEEEAF6B9E1C8387A7B4A6319BE42D9C4F5E','8A334952CF7804688B22F5980E73E35617896C47933D521028D74ED053312D3F',NULL,'2025-12-02 18:31:01','0.0.0.0',0,0,'',0,0,0,0,'','0','0',NULL,0),(179,'RNDBOT175',0,NULL,'6EB29D7F3DE22B1039F58565A0DDFA6BF6367EF364BACCF8EB75B23244DEB6BA','E92FBEDB979F8F5AE6FF8A1EFEBDB7FA8584A02026EC19FDFB77A6732535A0F1',NULL,'2025-12-02 18:31:01','0.0.0.0',0,0,'',0,0,0,0,'','0','0',NULL,0),(180,'RNDBOT176',0,NULL,'0A2521C431B0790998B519A94DCD716AD1D58FC86222075F526626F594F0AF7D','B96636E10C37D60A18CAA527AE49F156E9964D2381501B1EFD7239B99981C195',NULL,'2025-12-02 18:31:01','0.0.0.0',0,0,'',0,0,0,0,'','0','0',NULL,0),(181,'RNDBOT177',0,NULL,'6A544EF3BD1D84A2C34C05036CAC15099C4EEC0F3881CC8ECE5FE999E3CD9FED','B7B0DA2B4B7EFDD06041D074B85449D2022CF157003020E3A054BD233B6A37A9',NULL,'2025-12-02 18:31:01','0.0.0.0',0,0,'',0,0,0,0,'','0','0',NULL,0),(182,'RNDBOT178',0,NULL,'36B88A81B68CBE4347EAD1FB453484FB459BA4E69DF0B78E7CDED0ACDB4F97BD','95F62F1E0B8C350D3A0B9E5905045736D01682E08EC27F3D56FD9EB924FE1D4F',NULL,'2025-12-02 18:31:01','0.0.0.0',0,0,'',0,0,0,0,'','0','0',NULL,0),(183,'RNDBOT179',0,NULL,'7C3F0FADFE69EE4708B4F21005822EA9BE9CEF8B9EF162A3B8F52697D0D657AC','8DDCA1B6A72AF141F4BE05E398C54D08745C0A69429CB84EB42F83E48DDA19CD',NULL,'2025-12-02 18:31:01','0.0.0.0',0,0,'',0,0,0,0,'','0','0',NULL,0),(184,'RNDBOT180',0,NULL,'0BBEA66F3E9502F1897A187C6AC2E8AFEA8AAB0EA7A7B40B428A3D2BA1E06F51','A49175D741248B999FF8BF55DADB331C9030CC3B4493A87D2904000C1F341FA3',NULL,'2025-12-02 18:31:01','0.0.0.0',0,0,'',0,0,0,0,'','0','0',NULL,0),(185,'RNDBOT181',0,NULL,'318F1A2498098AE6BF3085AC7A8F68F8A064B7E3643C756896C325AC3BFDC766','AEE9CC80FA53BC13AF4FBF6E5F7E0AA11C8656951FB73677F491013548299B15',NULL,'2025-12-02 18:31:01','0.0.0.0',0,0,'',0,0,0,0,'','0','0',NULL,0),(186,'RNDBOT182',0,NULL,'3632D525448F272E02F959277630242C4A6B8092415DCD83BDE7776603416706','C0E62F5F631379A874B8FF39438DA30CD2B6C9E384895031E977D05D5A002725',NULL,'2025-12-02 18:31:01','0.0.0.0',0,0,'',0,0,0,0,'','0','0',NULL,0),(187,'RNDBOT183',0,NULL,'50F224A2B674B5A9E0BD933153A61A8833BA33A247661CF7BF03EEEE66D2F08E','ED362B62D170578CB79E55FE4A0EF23EDEABDE9965D677F3DF4D9843E6500569',NULL,'2025-12-02 18:31:01','0.0.0.0',0,0,'',0,0,0,0,'','0','0',NULL,0),(188,'RNDBOT184',0,NULL,'186B9232D6422B3B8460297BDA25F3771D6B3E35C9E3A06333CBABC665C3057D','DDD9494251E5FDB35A272F8F547AC51E2319E5A6115D49081F09A14D5E5657F9',NULL,'2025-12-02 18:31:01','0.0.0.0',0,0,'',0,0,0,0,'','0','0',NULL,0),(189,'RNDBOT185',0,NULL,'11D59E606327E6B1397565E46044E1EBA888F56FAA5E8298AB1AFE7D55773854','B53C09CA5957D81DE7650DB26822C0886399A37160818683E6377DE6FACD20F3',NULL,'2025-12-02 18:31:01','0.0.0.0',0,0,'',0,0,0,0,'','0','0',NULL,0),(190,'RNDBOT166',0,NULL,'4E58D6C39786028E6025109AA3A9106536E67E52135F12E1B088EB70E5F2DC09','D76E61775962D430970B2203AC01B6C00C175D7FB1319D0A0914C20D601158FF',NULL,'2025-12-02 18:31:01','0.0.0.0',0,0,'',0,0,0,0,'','0','0',NULL,0),(191,'RNDBOT187',0,NULL,'853B0383E65E693D3B4463EDFC1512FF336508BFBEAD09776715546EB7131B18','D2D4A81ABCA6FA825A035B5C5A5D238902DB91FCDE86CFD2D046CABB9111A2A9',NULL,'2025-12-02 18:31:01','0.0.0.0',0,0,'',0,0,0,0,'','0','0',NULL,0),(192,'RNDBOT186',0,NULL,'29D976B3C8EA67495FFC14F52297B9BD53724D0328303AEBBC9B786826B961FF','909DCC495849C13651DD19209EC418F7C0E58F31F0EB8C278AC47444B3CB089F',NULL,'2025-12-02 18:31:01','0.0.0.0',0,0,'',0,0,0,0,'','0','0',NULL,0),(193,'RNDBOT189',0,NULL,'0972511D6994BD06B6D27E00189A809689CBBE12215C5BC9E0DBEEB0DC5263CB','B5D108E6234FAFDB9CCA188E13966AF28042CDFF76D7EE8516D18156D1650315',NULL,'2025-12-02 18:31:01','0.0.0.0',0,0,'',0,0,0,0,'','0','0',NULL,0),(194,'RNDBOT190',0,NULL,'29CC6A9E3CCDCE2A0AE957CE9E729C8775A4FA68D4FACE051FB5DDF00E9CF227','E48C45B8BF192937B4C15E3338D7732ABB17BDE8593401CC26D78F8E549549D3',NULL,'2025-12-02 18:31:01','0.0.0.0',0,0,'',0,0,0,0,'','0','0',NULL,0),(195,'RNDBOT191',0,NULL,'4FFCF7BAA2DA0D7692A86397CEBFEBAA85EC83BFB152E3A534A44D35B6DE4EAC','94C62B7827AE6B081FF177CE85A662DA6C4196EE05B95DB53BA6DB9FB38A2BD5',NULL,'2025-12-02 18:31:01','0.0.0.0',0,0,'',0,0,0,0,'','0','0',NULL,0),(196,'RNDBOT188',0,NULL,'5E697E110C88194EFEAD02FD87B2452829CB0723D58B0CD0CA22214E2C5A686C','ED89FA7E9BF608A7F0A85F39CE42CCFB8F33C0D214C4A892B4B4F6A025782DE3',NULL,'2025-12-02 18:31:01','0.0.0.0',0,0,'',0,0,0,0,'','0','0',NULL,0),(197,'RNDBOT193',0,NULL,'686F42868446F92D0E157D50B26357C72C27487181FDA2A960ADA4D0D9CB486C','83C97C4B8989CAEBC5D246613009D0D6405C9CBC2C876DFFF257B433C8FB32D5',NULL,'2025-12-02 18:31:01','0.0.0.0',0,0,'',0,0,0,0,'','0','0',NULL,0),(198,'RNDBOT192',0,NULL,'34D3BF99AC3920BF313EC16993E1FFB98CE33D79BC5ABC3F1A3B94C77B787E9D','FA3F44A1A33E2DF1B52945E7F15774D50A8F1608A74104672405F9EBF8D46697',NULL,'2025-12-02 18:31:01','0.0.0.0',0,0,'',0,0,0,0,'','0','0',NULL,0),(199,'RNDBOT195',0,NULL,'1DC846549FACC91DFD09315494FDA63C4FD7E5ADD2E7A55D4C3E3B93135260EB','A46DEF3890808C28BD42F32559C7DFF22BCEA55470C8DC381B15D65932109A3D',NULL,'2025-12-02 18:31:01','0.0.0.0',0,0,'',0,0,0,0,'','0','0',NULL,0),(200,'RNDBOT196',0,NULL,'60E0EDB6EC90C0816D1A6EA6F1B89118DAB3257D58262276BE38F972A7516351','F33114BBCB8BEF1FF9D5E42BA2A480325F795E696147D5B152ADD53B938F6D53',NULL,'2025-12-02 18:31:01','0.0.0.0',0,0,'',0,0,0,0,'','0','0',NULL,0),(201,'RNDBOT197',0,NULL,'71D83A74388F847E372F950249FB2ABE49078EBD038F4BE61D7AEC1097027B86','A927614C2963E28DC1456679299E748C35D364456D3AE43CB49C2BDCF54C4E93',NULL,'2025-12-02 18:31:01','0.0.0.0',0,0,'',0,0,0,0,'','0','0',NULL,0),(202,'RNDBOT198',0,NULL,'11A66E5C7B3F4AE1ED7BCD2BC724B9466CF3F390FA15610140BB23F9938D14C4','9FD31E0D8BE7F2A52AC8FC9895CEBBDB71B8636D05D27EC4947D672449B29C7B',NULL,'2025-12-02 18:31:01','0.0.0.0',0,0,'',0,0,0,0,'','0','0',NULL,0),(203,'RNDBOT199',0,NULL,'4D566094B7B9B32181DF5FA0F847A108CE4717212E05DFB1E99B70B9FBA20807','8E4A832ECF420A8CC5ADC6019E7E5946DCC3CFD16957C43FBC65CDD936783DC5',NULL,'2025-12-02 18:31:01','0.0.0.0',0,0,'',0,0,0,0,'','0','0',NULL,0),(204,'RNDBOT194',0,NULL,'12A22B421AF8FD826CDA1DF884E8BF28AC765EF3787EEA067B47EF70B0AF1E66','F8800CF82F56C9C8CD474A946FF949344B83228138438B96D4D9C77B1C14C4B7',NULL,'2025-12-02 18:31:01','0.0.0.0',0,0,'',0,0,0,0,'','0','0',NULL,0),(205,'SOLIS',3,'A3A128E8A0A8488C15CEDF52A152FD5DE9B899016F493912BBF15F8373E5573112605CD66AD22C75','068B1015AFE73E87EF5F02E764A6FCDA03962EDD90A41725B4B2303EC2A4D4BA','CFD076F538EBFCE40CD12AF14C496E294F114ED708F6EA528D7446B1C4B43759',NULL,'2025-12-02 18:33:46','0.0.0.0',0,0,'',0,0,0,0,'enUS','Win','x86',NULL,0),(206,'CRISSO',3,'EBC66023223AC96894B6092458D4CE9090EE40E54CD5AE09A1EC52FC8304D555904D17FEF665BE0B','818FEFFE74F70A27F58F5E083DC2E296FE159E835EE9D8530E3BAF311742B3BF','B22038F1A453FE6538FBBC55B2A0791956843B9B02C5AE79C4FE51F03D91EA89',NULL,'2025-12-02 18:33:57','0.0.0.0',0,0,'',0,0,0,0,'enUS','Win','x86',NULL,0),(207,'ARTEMIS',3,'A292D89BDFC162ACAE8D749336D14591FF7FA1307689E4F5FA612B6910FCB12B640B1201A26839D3','1D707EAF196DE220DC0A34DAE119871441EB36A3DC522C160642C06A3E5DFA9E','D17D27E888043213C97236B11CC8A24D43BA95B2A0D4E409AA9D1B0B4A9CD7F9',NULL,'2025-12-03 21:12:03','0.0.0.0',0,0,'',0,0,0,0,'enUS','Win','x86',NULL,0);
/*!40000 ALTER TABLE `account` ENABLE KEYS */;
UNLOCK TABLES;

--
-- Table structure for table `account_banned`
--

DROP TABLE IF EXISTS `account_banned`;
/*!40101 SET @saved_cs_client     = @@character_set_client */;
/*!40101 SET character_set_client = utf8 */;
CREATE TABLE `account_banned` (
  `id` int(11) NOT NULL AUTO_INCREMENT,
  `account_id` int(11) NOT NULL DEFAULT '0' COMMENT 'Account id',
  `banned_at` bigint(40) NOT NULL DEFAULT '0',
  `expires_at` bigint(40) NOT NULL DEFAULT '0',
  `banned_by` varchar(50) NOT NULL,
  `unbanned_at` bigint(40) NOT NULL DEFAULT '0',
  `unbanned_by` varchar(50) DEFAULT NULL,
  `reason` varchar(255) NOT NULL,
  `active` tinyint(4) NOT NULL DEFAULT '1',
  PRIMARY KEY (`id`)
) ENGINE=MyISAM DEFAULT CHARSET=utf8 ROW_FORMAT=DYNAMIC COMMENT='Ban List';
/*!40101 SET character_set_client = @saved_cs_client */;

--
-- Dumping data for table `account_banned`
--

LOCK TABLES `account_banned` WRITE;
/*!40000 ALTER TABLE `account_banned` DISABLE KEYS */;
/*!40000 ALTER TABLE `account_banned` ENABLE KEYS */;
UNLOCK TABLES;

--
-- Table structure for table `account_logons`
--

DROP TABLE IF EXISTS `account_logons`;
/*!40101 SET @saved_cs_client     = @@character_set_client */;
/*!40101 SET character_set_client = utf8 */;
CREATE TABLE `account_logons` (
  `id` int(11) NOT NULL AUTO_INCREMENT,
  `accountId` int(10) unsigned NOT NULL,
  `ip` varchar(30) NOT NULL,
  `loginTime` timestamp NOT NULL DEFAULT CURRENT_TIMESTAMP ON UPDATE CURRENT_TIMESTAMP,
  `loginSource` int(10) unsigned NOT NULL,
  PRIMARY KEY (`id`)
) ENGINE=InnoDB AUTO_INCREMENT=296 DEFAULT CHARSET=utf8;
/*!40101 SET character_set_client = @saved_cs_client */;

--
-- Dumping data for table `account_logons`
--

LOCK TABLES `account_logons` WRITE;
/*!40000 ALTER TABLE `account_logons` DISABLE KEYS */;
INSERT INTO `account_logons` VALUES (1,205,'127.0.0.1','2025-12-02 17:34:37',0),(2,205,'127.0.0.1','2025-12-02 17:34:37',1),(3,205,'127.0.0.1','2025-12-02 17:54:30',0),(4,205,'127.0.0.1','2025-12-02 17:54:30',1),(5,205,'127.0.0.1','2025-12-02 18:08:37',0),(6,205,'127.0.0.1','2025-12-02 18:08:37',1),(7,205,'127.0.0.1','2025-12-03 18:07:26',0),(8,205,'127.0.0.1','2025-12-03 18:07:26',1),(9,205,'127.0.0.1','2025-12-03 19:55:13',0),(10,205,'127.0.0.1','2025-12-03 19:55:13',1),(11,205,'127.0.0.1','2025-12-03 20:08:55',0),(12,205,'127.0.0.1','2025-12-03 20:08:55',1),(13,205,'127.0.0.1','2025-12-03 20:18:41',0),(14,205,'127.0.0.1','2025-12-03 20:18:41',1),(15,207,'127.0.0.1','2025-12-03 20:19:03',0),(16,207,'127.0.0.1','2025-12-03 20:19:03',1),(17,206,'127.0.0.1','2025-12-03 20:19:22',0),(18,206,'127.0.0.1','2025-12-03 20:19:22',1),(19,207,'127.0.0.1','2025-12-03 20:19:36',0),(20,207,'127.0.0.1','2025-12-03 20:19:36',1),(21,205,'127.0.0.1','2025-12-04 16:56:11',0),(22,205,'127.0.0.1','2025-12-04 16:56:11',1),(23,207,'127.0.0.1','2025-12-04 16:56:36',0),(24,207,'127.0.0.1','2025-12-04 16:56:36',1),(25,205,'127.0.0.1','2025-12-04 16:57:48',0),(26,205,'127.0.0.1','2025-12-04 16:57:48',1),(27,207,'127.0.0.1','2025-12-04 16:58:09',1),(28,207,'127.0.0.1','2025-12-04 16:58:09',0),(29,207,'127.0.0.1','2025-12-04 18:38:10',0),(30,207,'127.0.0.1','2025-12-04 18:38:10',1),(31,207,'127.0.0.1','2025-12-04 20:01:25',0),(32,207,'127.0.0.1','2025-12-04 20:01:25',1),(33,207,'127.0.0.1','2025-12-05 17:10:31',0),(34,207,'127.0.0.1','2025-12-05 17:10:31',1),(35,207,'127.0.0.1','2025-12-05 18:29:48',0),(36,207,'127.0.0.1','2025-12-05 18:29:48',1),(37,207,'127.0.0.1','2025-12-05 18:54:44',0),(38,207,'127.0.0.1','2025-12-05 18:54:44',1),(39,207,'127.0.0.1','2025-12-05 19:52:02',0),(40,207,'127.0.0.1','2025-12-05 19:52:02',1),(41,207,'127.0.0.1','2025-12-05 20:07:25',0),(42,207,'127.0.0.1','2025-12-05 20:07:25',1),(43,207,'127.0.0.1','2025-12-06 10:01:05',0),(44,207,'127.0.0.1','2025-12-06 10:01:05',1),(45,207,'127.0.0.1','2025-12-06 11:11:03',0),(46,207,'127.0.0.1','2025-12-06 11:11:03',1),(47,207,'127.0.0.1','2025-12-06 13:26:08',0),(48,207,'127.0.0.1','2025-12-06 13:26:08',1),(49,207,'127.0.0.1','2025-12-06 14:59:13',0),(50,207,'127.0.0.1','2025-12-06 14:59:13',1),(51,207,'127.0.0.1','2025-12-06 16:03:36',0),(52,207,'127.0.0.1','2025-12-06 16:03:36',1),(53,207,'127.0.0.1','2025-12-06 18:37:12',0),(54,207,'127.0.0.1','2025-12-06 18:37:12',1),(55,207,'127.0.0.1','2025-12-06 19:54:17',0),(56,207,'127.0.0.1','2025-12-06 19:54:17',1),(57,207,'127.0.0.1','2025-12-07 13:45:51',0),(58,207,'127.0.0.1','2025-12-07 13:45:51',1),(59,207,'127.0.0.1','2025-12-07 14:28:53',0),(60,207,'127.0.0.1','2025-12-07 14:28:53',1),(61,207,'127.0.0.1','2025-12-07 14:55:59',0),(62,207,'127.0.0.1','2025-12-07 14:55:59',1),(63,207,'127.0.0.1','2025-12-07 15:30:46',0),(64,207,'127.0.0.1','2025-12-07 15:30:46',1),(65,207,'127.0.0.1','2025-12-07 18:23:45',0),(66,207,'127.0.0.1','2025-12-07 18:23:45',1),(67,207,'127.0.0.1','2025-12-07 19:54:23',0),(68,207,'127.0.0.1','2025-12-07 19:54:23',1),(69,207,'127.0.0.1','2025-12-07 20:42:46',0),(70,207,'127.0.0.1','2025-12-07 20:42:47',1),(71,207,'127.0.0.1','2025-12-07 22:11:35',0),(72,207,'127.0.0.1','2025-12-07 22:11:35',1),(73,207,'127.0.0.1','2025-12-08 10:39:29',0),(74,207,'127.0.0.1','2025-12-08 10:39:29',1),(75,207,'127.0.0.1','2025-12-08 14:30:19',0),(76,207,'127.0.0.1','2025-12-08 14:30:19',1),(77,207,'127.0.0.1','2025-12-08 18:00:58',0),(78,207,'127.0.0.1','2025-12-08 18:00:58',1),(79,207,'127.0.0.1','2025-12-08 20:20:23',0),(80,207,'127.0.0.1','2025-12-08 20:20:23',1),(81,207,'127.0.0.1','2025-12-09 16:13:42',0),(82,207,'127.0.0.1','2025-12-09 16:13:42',1),(83,207,'127.0.0.1','2025-12-09 16:28:11',0),(84,207,'127.0.0.1','2025-12-09 16:28:11',1),(85,207,'127.0.0.1','2025-12-09 16:29:20',0),(86,207,'127.0.0.1','2025-12-09 16:29:20',1),(87,207,'127.0.0.1','2025-12-09 20:58:54',0),(88,207,'127.0.0.1','2025-12-09 20:58:54',1),(89,207,'127.0.0.1','2025-12-10 16:54:56',0),(90,207,'127.0.0.1','2025-12-10 16:54:56',1),(91,207,'127.0.0.1','2025-12-10 17:08:12',0),(92,207,'127.0.0.1','2025-12-10 17:08:12',1),(93,207,'127.0.0.1','2025-12-10 18:35:15',0),(94,207,'127.0.0.1','2025-12-10 18:35:15',1),(95,207,'127.0.0.1','2025-12-10 19:28:20',0),(96,207,'127.0.0.1','2025-12-10 19:28:20',1),(97,207,'127.0.0.1','2025-12-10 21:34:40',0),(98,207,'127.0.0.1','2025-12-10 21:34:40',1),(99,207,'127.0.0.1','2025-12-11 11:14:45',0),(100,207,'127.0.0.1','2025-12-11 11:14:45',1),(101,207,'127.0.0.1','2025-12-11 11:35:53',0),(102,207,'127.0.0.1','2025-12-11 11:35:53',1),(103,207,'127.0.0.1','2025-12-11 11:41:00',0),(104,207,'127.0.0.1','2025-12-11 11:41:00',1),(105,207,'127.0.0.1','2025-12-11 13:29:58',0),(106,207,'127.0.0.1','2025-12-11 13:29:58',1),(107,207,'127.0.0.1','2025-12-11 14:09:58',0),(108,207,'127.0.0.1','2025-12-11 14:09:58',1),(109,207,'127.0.0.1','2025-12-11 14:24:16',0),(110,207,'127.0.0.1','2025-12-11 14:24:16',1),(111,207,'127.0.0.1','2025-12-11 14:26:40',0),(112,207,'127.0.0.1','2025-12-11 14:26:40',1),(113,207,'127.0.0.1','2025-12-11 15:23:41',0),(114,207,'127.0.0.1','2025-12-11 15:23:41',1),(115,207,'127.0.0.1','2025-12-11 15:26:32',0),(116,207,'127.0.0.1','2025-12-11 15:26:32',1),(117,207,'127.0.0.1','2025-12-11 16:43:08',0),(118,207,'127.0.0.1','2025-12-11 16:43:08',1),(119,207,'127.0.0.1','2025-12-11 17:56:54',0),(120,207,'127.0.0.1','2025-12-11 17:56:55',1),(121,207,'127.0.0.1','2025-12-11 19:48:13',0),(122,207,'127.0.0.1','2025-12-11 19:48:13',1),(123,207,'127.0.0.1','2025-12-11 20:07:01',0),(124,207,'127.0.0.1','2025-12-11 20:07:02',1),(125,207,'127.0.0.1','2025-12-12 17:11:57',0),(126,207,'127.0.0.1','2025-12-12 17:11:57',1),(127,207,'127.0.0.1','2025-12-12 18:04:29',0),(128,207,'127.0.0.1','2025-12-12 18:04:29',1),(129,207,'127.0.0.1','2025-12-12 19:35:55',0),(130,207,'127.0.0.1','2025-12-12 19:35:55',1),(131,207,'127.0.0.1','2025-12-12 20:56:51',0),(132,207,'127.0.0.1','2025-12-12 20:56:51',1),(133,207,'127.0.0.1','2025-12-13 11:41:40',0),(134,207,'127.0.0.1','2025-12-13 11:41:40',1),(135,207,'127.0.0.1','2025-12-13 11:43:38',0),(136,207,'127.0.0.1','2025-12-13 11:43:38',1),(137,207,'127.0.0.1','2025-12-13 12:50:50',0),(138,207,'127.0.0.1','2025-12-13 12:50:50',1),(139,207,'127.0.0.1','2025-12-13 14:58:40',0),(140,207,'127.0.0.1','2025-12-13 14:58:40',1),(141,207,'127.0.0.1','2025-12-13 16:18:21',0),(142,207,'127.0.0.1','2025-12-13 16:18:21',1),(143,207,'127.0.0.1','2025-12-13 17:53:25',0),(144,207,'127.0.0.1','2025-12-13 17:53:25',1),(145,207,'127.0.0.1','2025-12-13 20:37:46',0),(146,207,'127.0.0.1','2025-12-13 20:37:46',1),(147,207,'127.0.0.1','2025-12-14 10:04:05',0),(148,207,'127.0.0.1','2025-12-14 10:04:05',1),(149,207,'127.0.0.1','2025-12-14 13:02:46',0),(150,207,'127.0.0.1','2025-12-14 13:02:46',1),(151,207,'127.0.0.1','2025-12-14 16:36:28',0),(152,207,'127.0.0.1','2025-12-14 16:36:28',1),(153,207,'127.0.0.1','2025-12-15 17:05:49',0),(154,207,'127.0.0.1','2025-12-15 17:05:49',1),(155,207,'127.0.0.1','2025-12-16 16:45:47',0),(156,207,'127.0.0.1','2025-12-16 16:45:47',1),(157,207,'127.0.0.1','2025-12-16 16:47:09',0),(158,207,'127.0.0.1','2025-12-16 16:47:09',1),(159,207,'127.0.0.1','2025-12-16 18:12:36',0),(160,207,'127.0.0.1','2025-12-16 18:12:36',1),(161,207,'127.0.0.1','2025-12-16 20:00:05',0),(162,207,'127.0.0.1','2025-12-16 20:00:05',1),(163,207,'127.0.0.1','2025-12-16 21:05:17',0),(164,207,'127.0.0.1','2025-12-16 21:05:17',1),(165,207,'127.0.0.1','2025-12-17 20:34:29',0),(166,207,'127.0.0.1','2025-12-17 20:34:29',1),(167,207,'127.0.0.1','2025-12-18 16:39:46',0),(168,207,'127.0.0.1','2025-12-18 16:39:46',1),(169,207,'127.0.0.1','2025-12-18 17:34:37',0),(170,207,'127.0.0.1','2025-12-18 17:34:37',1),(171,207,'127.0.0.1','2025-12-18 17:56:37',0),(172,207,'127.0.0.1','2025-12-18 17:56:37',1),(173,207,'127.0.0.1','2025-12-18 18:23:03',1),(174,207,'127.0.0.1','2025-12-18 18:23:03',0),(175,207,'127.0.0.1','2025-12-18 19:47:17',0),(176,207,'127.0.0.1','2025-12-18 19:47:17',1),(177,207,'127.0.0.1','2025-12-18 20:32:02',0),(178,207,'127.0.0.1','2025-12-18 20:32:02',1),(179,207,'127.0.0.1','2025-12-19 16:34:07',0),(180,207,'127.0.0.1','2025-12-19 16:34:07',1),(181,207,'127.0.0.1','2025-12-19 16:36:15',0),(182,207,'127.0.0.1','2025-12-19 16:36:15',1),(183,207,'127.0.0.1','2025-12-19 18:15:20',0),(184,207,'127.0.0.1','2025-12-19 18:15:20',1),(185,207,'127.0.0.1','2025-12-19 20:14:07',0),(186,207,'127.0.0.1','2025-12-19 20:14:07',1),(187,207,'127.0.0.1','2025-12-19 20:57:35',0),(188,207,'127.0.0.1','2025-12-19 20:58:06',1),(189,207,'127.0.0.1','2025-12-19 21:08:36',0),(190,207,'127.0.0.1','2025-12-19 21:08:36',1),(191,207,'127.0.0.1','2025-12-19 22:17:53',0),(192,207,'127.0.0.1','2025-12-19 22:17:53',1),(193,207,'127.0.0.1','2025-12-20 11:19:26',0),(194,207,'127.0.0.1','2025-12-20 11:19:26',1),(195,207,'127.0.0.1','2025-12-20 12:59:05',0),(196,207,'127.0.0.1','2025-12-20 12:59:05',1),(197,207,'127.0.0.1','2025-12-20 15:22:11',0),(198,207,'127.0.0.1','2025-12-20 15:22:11',1),(199,207,'127.0.0.1','2025-12-20 20:11:35',0),(200,207,'127.0.0.1','2025-12-20 20:11:35',1),(201,207,'127.0.0.1','2025-12-21 10:53:03',0),(202,207,'127.0.0.1','2025-12-21 10:53:03',1),(203,207,'127.0.0.1','2025-12-21 11:51:58',0),(204,207,'127.0.0.1','2025-12-21 11:51:58',1),(205,207,'127.0.0.1','2025-12-21 12:57:00',0),(206,207,'127.0.0.1','2025-12-21 12:57:00',1),(207,207,'127.0.0.1','2025-12-21 13:53:40',0),(208,207,'127.0.0.1','2025-12-21 13:53:40',1),(209,207,'127.0.0.1','2025-12-21 17:30:29',0),(210,207,'127.0.0.1','2025-12-21 17:30:29',1),(211,207,'127.0.0.1','2025-12-21 19:59:09',0),(212,207,'127.0.0.1','2025-12-21 19:59:09',1),(213,207,'127.0.0.1','2025-12-21 21:53:59',0),(214,207,'127.0.0.1','2025-12-21 21:53:59',1),(215,207,'127.0.0.1','2025-12-22 11:07:46',0),(216,207,'127.0.0.1','2025-12-22 11:07:46',1),(217,207,'127.0.0.1','2025-12-22 13:08:17',0),(218,207,'127.0.0.1','2025-12-22 13:08:17',1),(219,207,'127.0.0.1','2025-12-22 15:13:18',0),(220,207,'127.0.0.1','2025-12-22 15:13:18',1),(221,207,'127.0.0.1','2025-12-22 15:41:47',0),(222,207,'127.0.0.1','2025-12-22 15:41:47',1),(223,207,'127.0.0.1','2025-12-22 20:10:02',0),(224,207,'127.0.0.1','2025-12-22 20:10:02',1),(225,207,'127.0.0.1','2025-12-22 20:11:52',0),(226,207,'127.0.0.1','2025-12-22 20:11:52',1),(227,207,'127.0.0.1','2025-12-23 13:09:57',0),(228,207,'127.0.0.1','2025-12-23 13:09:57',1),(229,207,'127.0.0.1','2025-12-23 17:49:03',0),(230,207,'127.0.0.1','2025-12-23 17:49:03',1),(231,207,'127.0.0.1','2025-12-23 20:18:21',0),(232,207,'127.0.0.1','2025-12-23 20:19:35',1),(233,207,'127.0.0.1','2025-12-24 13:13:25',0),(234,207,'127.0.0.1','2025-12-24 13:13:25',1),(235,207,'127.0.0.1','2025-12-24 13:14:42',0),(236,207,'127.0.0.1','2025-12-24 13:14:55',0),(237,207,'127.0.0.1','2025-12-24 13:14:55',1),(238,207,'127.0.0.1','2025-12-24 14:38:06',0),(239,207,'127.0.0.1','2025-12-24 14:38:06',1),(240,207,'127.0.0.1','2025-12-24 16:45:52',0),(241,207,'127.0.0.1','2025-12-24 16:45:52',1),(242,207,'127.0.0.1','2025-12-24 23:00:37',0),(243,207,'127.0.0.1','2025-12-24 23:00:37',1),(244,207,'127.0.0.1','2025-12-25 09:53:39',0),(245,207,'127.0.0.1','2025-12-25 09:53:39',1),(246,207,'127.0.0.1','2025-12-25 11:53:37',0),(247,207,'127.0.0.1','2025-12-25 11:54:30',0),(248,207,'127.0.0.1','2025-12-25 11:54:30',1),(249,207,'127.0.0.1','2025-12-25 14:34:14',0),(250,207,'127.0.0.1','2025-12-25 14:34:14',1),(251,207,'127.0.0.1','2025-12-25 18:20:41',0),(252,207,'127.0.0.1','2025-12-25 18:20:41',1),(253,207,'127.0.0.1','2025-12-25 20:07:45',0),(254,207,'127.0.0.1','2025-12-25 20:07:45',1),(255,207,'127.0.0.1','2025-12-26 10:25:15',0),(256,207,'127.0.0.1','2025-12-26 10:25:15',1),(257,207,'127.0.0.1','2025-12-26 13:08:27',0),(258,207,'127.0.0.1','2025-12-26 13:08:27',1),(259,207,'127.0.0.1','2025-12-26 14:46:01',0),(260,207,'127.0.0.1','2025-12-26 14:46:01',1),(261,207,'127.0.0.1','2025-12-26 17:31:56',0),(262,207,'127.0.0.1','2025-12-26 17:31:56',1),(263,207,'127.0.0.1','2025-12-26 18:59:17',0),(264,207,'127.0.0.1','2025-12-26 18:59:17',1),(265,207,'127.0.0.1','2025-12-26 23:58:23',0),(266,207,'127.0.0.1','2025-12-26 23:58:23',1),(267,207,'127.0.0.1','2025-12-27 14:06:18',0),(268,207,'127.0.0.1','2025-12-27 14:06:18',1),(269,207,'127.0.0.1','2025-12-27 14:34:02',0),(270,207,'127.0.0.1','2025-12-27 14:34:02',1),(271,207,'127.0.0.1','2025-12-27 19:43:22',0),(272,207,'127.0.0.1','2025-12-27 19:43:22',1),(273,207,'127.0.0.1','2025-12-28 11:05:00',0),(274,207,'127.0.0.1','2025-12-28 11:05:00',1),(275,207,'127.0.0.1','2025-12-28 13:03:58',0),(276,207,'127.0.0.1','2025-12-28 13:03:58',1),(277,207,'127.0.0.1','2025-12-28 14:50:57',0),(278,207,'127.0.0.1','2025-12-28 14:50:57',1),(279,207,'127.0.0.1','2025-12-28 17:01:56',0),(280,207,'127.0.0.1','2025-12-28 17:01:56',1),(281,207,'127.0.0.1','2025-12-28 17:45:33',0),(282,207,'127.0.0.1','2025-12-28 17:45:33',1),(283,207,'127.0.0.1','2025-12-28 18:05:10',0),(284,207,'127.0.0.1','2025-12-28 18:05:10',1),(285,207,'127.0.0.1','2025-12-28 18:36:33',0),(286,207,'127.0.0.1','2025-12-28 18:36:33',1),(287,207,'127.0.0.1','2025-12-29 16:41:14',0),(288,207,'127.0.0.1','2025-12-29 16:41:14',1),(289,207,'127.0.0.1','2025-12-29 16:44:03',1),(290,207,'127.0.0.1','2025-12-29 16:45:09',0),(291,207,'127.0.0.1','2025-12-29 16:45:09',1),(292,205,'127.0.0.1','2025-12-30 16:57:26',0),(293,205,'127.0.0.1','2025-12-30 16:57:26',1),(294,207,'127.0.0.1','2025-12-30 16:57:58',0),(295,207,'127.0.0.1','2025-12-30 16:57:58',1);
/*!40000 ALTER TABLE `account_logons` ENABLE KEYS */;
UNLOCK TABLES;

--
-- Table structure for table `account_raf`
--

DROP TABLE IF EXISTS `account_raf`;
/*!40101 SET @saved_cs_client     = @@character_set_client */;
/*!40101 SET character_set_client = utf8 */;
CREATE TABLE `account_raf` (
  `referrer` int(10) unsigned NOT NULL DEFAULT '0',
  `referred` int(10) unsigned NOT NULL DEFAULT '0',
  PRIMARY KEY (`referrer`,`referred`)
) ENGINE=InnoDB DEFAULT CHARSET=utf8;
/*!40101 SET character_set_client = @saved_cs_client */;

--
-- Dumping data for table `account_raf`
--

LOCK TABLES `account_raf` WRITE;
/*!40000 ALTER TABLE `account_raf` DISABLE KEYS */;
/*!40000 ALTER TABLE `account_raf` ENABLE KEYS */;
UNLOCK TABLES;

--
-- Table structure for table `antispam_blacklist`
--

DROP TABLE IF EXISTS `antispam_blacklist`;
/*!40101 SET @saved_cs_client     = @@character_set_client */;
/*!40101 SET character_set_client = utf8 */;
CREATE TABLE `antispam_blacklist` (
  `string` varchar(64) NOT NULL,
  PRIMARY KEY (`string`)
) ENGINE=MyISAM DEFAULT CHARSET=utf8;
/*!40101 SET character_set_client = @saved_cs_client */;

--
-- Dumping data for table `antispam_blacklist`
--

LOCK TABLES `antispam_blacklist` WRITE;
/*!40000 ALTER TABLE `antispam_blacklist` DISABLE KEYS */;
INSERT INTO `antispam_blacklist` VALUES (' <<<10G=1$--and'),(' http://400elysium.tk/ '),(' W W W .N O S T 100.C O M !50 %'),(' www.aoaue.com'),(' [www.y2IgoId.com>10g=2$/Power] '),('\"COM\"'),('\"T100\"'),('\"T100\" plus \"COM\"<<'),(',finally we got 500g\r\n,finally w'),('.c 0m'),('100COM'),('10g='),('1OOCOM'),('2$/Power]'),('300elysium.tk'),('300ELYSIUMTK'),('400elysium.tk/'),('400ELYSIUMTK'),('4GAMEPOWER'),('4WOWCOM'),('50G=10.00$'),('7 days non-stop hard working,fin'),('<<<100G=12$--and'),('<<<10G=1$'),('>>\"NOS\"'),('?\\/!CT0RYW0WC0M'),('aoaue'),('aoauecom'),('com>10g'),('elysium-gifts.tk'),('elysium-projecttk'),('ELYSIUMABCWOW'),('ELYSIUMAEWOW'),('ELYSIUMAPKWOW'),('ELYSIUMDFTWOW'),('ELYSIUMFDCWOW'),('ELYSIUMGIFTSTK'),('ELYSIUMKSDWOW'),('ELYSIUMKYWOW'),('ELYSIUMLOLWOW'),('ELYSIUMORWOW'),('ELYSIUMPROJECTTK'),('ELYSIUMRDWOW'),('ELYSIUMRSWOW'),('ELYSIUMSAYWOW'),('ELYSIUMSHEWOW'),('ELYSIUMSNKWOW'),('ELYSIUMTXTWOW'),('ELYSIUMUFNWOW'),('ELYSIUMUSAWOW'),('ELYSIUMWOWTK'),('ELYSIUMXGHWOW'),('ELYSIUMXXXWOW'),('ELYSIUMZZZWOW'),('EPICITEMSHONOR'),('FASTLVLCOM'),('finally we got 500g'),('finallywegot500g'),('Flask/Epic items/Honor'),('g(2+2)wowcom'),('G-4-VV-0-W--C--0--M'),('G4W@W'),('G4WOW'),('G4WOWCOM'),('GFOURWOWCOM'),('GO1D4MMO'),('GOALDMOCOM'),('GoId/eppic items/Bags'),('GOLADAMOCOM'),('GOLADMOCOM'),('GOLD4MMO'),('GOLDAMOCOM'),('GOLDCEO'),('GOLDCOM'),('GOLDDEALRU'),('GOLDINSIDER'),('GOLDPOWER'),('GOLODMOCOM'),('GOLODOMOCOM'),('GOXLD4MOCOM'),('GOXLD4XMMOCOM'),('GOXLDX4MXMOCOM'),('GOXLDXMOCOM'),('Greetingsafter7days'),('http://elysium-pro.tk'),('http://elysium-project.tk'),('HTTPSELySIUMProJECtTK'),('HTTPSWWWELYSIUMGIFTSTK'),('HTTPSWWWELYSIUMPROJECTTK'),('HTTPSWWWY2IGOIDCOM>'),('HTTPWWWY2IGOIDCOM>'),('ILOVEUGOLD'),('ITEM4GAME'),('ITEM4WOW'),('ITEM4WOW.COM'),('ITEM4WOW.COM<---here'),('ITEM4WOWCOM'),('LAODAN8841'),('leveling1-60=350$'),('LOD.COM<<<'),('LODCOM<<<---)('),('LOVEWOWHAHA'),('LOVEWOWHAHACOM'),('lovewowhaha'),('LV60/ ---'),('LVLGOCOM'),('MMO4PAL'),('MMOANKCOM'),('MMOGOCOM'),('MMOGSCOM'),('MMOLORD'),('MMOOKCOM'),('MMOSECOM'),('MMOTANKCOM'),('MONEYCIRCLERU'),('MONEYFORGAMES'),('NAXXGAMES'),('NAXXGAMESCOM'),('NIGHTHAVEN20G'),('NOST!OO'),('NOST100'),('NOST1OO'),('OKOGAME'),('OKOGAMES'),('OKOGOMES'),('owhaha.com'),('OWHAHACOM'),('power1-60'),('POWERLV60'),('PVPBANK'),('PVPBCOMANK'),('QQ1353341694'),('QQ211772670'),('QQ373353356'),('RNRNOOK'),('RNRNOSE'),('SAGEBLADECOM'),('SELLNGOLD'),('SINBAGAME'),('SINBAGOLD'),('SINBAONLINE'),('SKYPEBAUDIEA'),('SKYPEBRAT7TH'),('SKYPEELYSUIM'),('SKYPEELYSUIMKFWOW'),('SKYPEELYSUIMWOWOW'),('SKYPEEMIL8LI'),('SKYPEFELWOOD'),('SKYPEJASZUINS'),('SKYPEJAZZYTSWOW'),('SKYPELAR2IDA'),('SKYPEMOONCLOTH'),('SKYPEPROJECTERWOW'),('SKYPESPRAGUEI'),('SKYPEVANILLA'),('Stockof60characters'),('SUSANGAME'),('T100'),('T100plusCOM'),('two weeks of non-stop hard worki'),('URL divide into three'),('URLintothreepart'),('V1CTORYWOW'),('VICTORYW0W'),('VICTORYWOW'),('VICTORYWOW.COM'),('VICTORYWOWCOM'),('working,finally we got 500g'),('WOWJEVERLY'),('WOWMARY'),('WTSITEM'),('www.aoaue.com'),('WWW.G(2+2)WOW.COM'),('WWW.G-4-VV-0-W--C--0--M'),('WWW.G4WOW.COM'),('www.lovewowhah'),('www.lovewowhaha .com'),('www.lovewowhaha .com________'),('www.lovewowhaha .c 0m'),('www.y2IgoId.com'),('www.y2IgoId.com>'),('www.y2IgoId.com>10g=2$/Power'),('www.y2IgoId.com>10g=2$/Power LV6'),('WWW.Y2LGOLD.COM'),('www.y2lgold.com>'),('WWW.Y2LGOLD.COM>Gold'),('WWWELYSIUMGIFTSTK'),('WWWELYSIUMPROJECTTK'),('WWWELYSIUMWOWTK'),('WWWG4WOWCOM'),('WWWMMOTANK'),('WWWNAXXGAMESCOM'),('WWWNOST'),('WWWNOST100COM'),('wwwy2IgoIdcom'),('WWWY2IGOIDCOM>'),('WWWY2LGOLD.COM'),('WWWY2LGOLDCOM'),('WWWY@LGOLDCOM'),('X2GOLD'),('XIAOBAIMOSHOUJINGJI'),('y(1+1)lgold'),('y2IgoId'),('y2IgoId.com'),('y2IgoIdcom'),('Y2LGOLD'),('Y2LGOLD.COM'),('Y2LGOLDCOM'),('YOURGNET'),('[GM]'),('[www.y2IgoId.com>10g=2$/Power] L');
/*!40000 ALTER TABLE `antispam_blacklist` ENABLE KEYS */;
UNLOCK TABLES;

--
-- Table structure for table `antispam_replacement`
--

DROP TABLE IF EXISTS `antispam_replacement`;
/*!40101 SET @saved_cs_client     = @@character_set_client */;
/*!40101 SET character_set_client = utf8 */;
CREATE TABLE `antispam_replacement` (
  `from` varchar(32) NOT NULL DEFAULT '',
  `to` varchar(32) NOT NULL DEFAULT '',
  PRIMARY KEY (`from`)
) ENGINE=MyISAM DEFAULT CHARSET=utf8;
/*!40101 SET character_set_client = @saved_cs_client */;

--
-- Dumping data for table `antispam_replacement`
--

LOCK TABLES `antispam_replacement` WRITE;
/*!40000 ALTER TABLE `antispam_replacement` DISABLE KEYS */;
INSERT INTO `antispam_replacement` VALUES ('\\\\/\\\\/','W'),('/\\/\\','M'),('0','O'),('...hic!',''),('()','O'),('\\/\\/','W'),('/\\\\','A'),('VV','W'),('@','O'),('/V\\','M'),('/\\\\/\\\\','M'),('','MM'),('!<','K');
/*!40000 ALTER TABLE `antispam_replacement` ENABLE KEYS */;
UNLOCK TABLES;

--
-- Table structure for table `antispam_unicode_replacement`
--

DROP TABLE IF EXISTS `antispam_unicode_replacement`;
/*!40101 SET @saved_cs_client     = @@character_set_client */;
/*!40101 SET character_set_client = utf8 */;
CREATE TABLE `antispam_unicode_replacement` (
  `from` mediumint(5) unsigned NOT NULL DEFAULT '0',
  `to` mediumint(5) unsigned NOT NULL DEFAULT '0',
  PRIMARY KEY (`from`)
) ENGINE=MyISAM DEFAULT CHARSET=utf8;
/*!40101 SET character_set_client = @saved_cs_client */;

--
-- Dumping data for table `antispam_unicode_replacement`
--

LOCK TABLES `antispam_unicode_replacement` WRITE;
/*!40000 ALTER TABLE `antispam_unicode_replacement` DISABLE KEYS */;
INSERT INTO `antispam_unicode_replacement` VALUES (1063,52),(1054,79),(1057,67),(1052,77),(927,79),(1050,75),(913,65),(917,69),(1062,85),(9675,79),(1040,65),(1058,84),(1064,87),(1025,69),(1055,78),(1065,87),(922,75),(924,77),(1045,69),(968,87),(192,65),(210,79),(211,79),(242,79),(324,78),(328,78),(332,79),(466,79),(59336,78),(12562,84),(8745,78),(65325,77),(959,79),(945,65),(954,75),(12295,79),(65323,75),(65296,79),(65355,75),(65357,77),(65319,71),(925,78);
/*!40000 ALTER TABLE `antispam_unicode_replacement` ENABLE KEYS */;
UNLOCK TABLES;

--
-- Table structure for table `ip_banned`
--

DROP TABLE IF EXISTS `ip_banned`;
/*!40101 SET @saved_cs_client     = @@character_set_client */;
/*!40101 SET character_set_client = utf8 */;
CREATE TABLE `ip_banned` (
  `ip` varchar(32) NOT NULL DEFAULT '0.0.0.0',
  `banned_at` bigint(40) NOT NULL,
  `expires_at` bigint(40) NOT NULL,
  `banned_by` varchar(50) NOT NULL DEFAULT '[Console]',
  `reason` varchar(255) NOT NULL DEFAULT 'no reason',
  PRIMARY KEY (`ip`,`banned_at`)
) ENGINE=MyISAM DEFAULT CHARSET=utf8 ROW_FORMAT=DYNAMIC COMMENT='Banned IPs';
/*!40101 SET character_set_client = @saved_cs_client */;

--
-- Dumping data for table `ip_banned`
--

LOCK TABLES `ip_banned` WRITE;
/*!40000 ALTER TABLE `ip_banned` DISABLE KEYS */;
/*!40000 ALTER TABLE `ip_banned` ENABLE KEYS */;
UNLOCK TABLES;

--
-- Table structure for table `realmcharacters`
--

DROP TABLE IF EXISTS `realmcharacters`;
/*!40101 SET @saved_cs_client     = @@character_set_client */;
/*!40101 SET character_set_client = utf8 */;
CREATE TABLE `realmcharacters` (
  `realmid` int(11) unsigned NOT NULL DEFAULT '0',
  `acctid` bigint(20) unsigned NOT NULL,
  `numchars` tinyint(3) unsigned NOT NULL DEFAULT '0',
  PRIMARY KEY (`realmid`,`acctid`),
  KEY `acctid` (`acctid`)
) ENGINE=MyISAM DEFAULT CHARSET=utf8 ROW_FORMAT=DYNAMIC COMMENT='Realm Character Tracker';
/*!40101 SET character_set_client = @saved_cs_client */;

--
-- Dumping data for table `realmcharacters`
--

LOCK TABLES `realmcharacters` WRITE;
/*!40000 ALTER TABLE `realmcharacters` DISABLE KEYS */;
INSERT INTO `realmcharacters` VALUES (1,1,0),(1,2,0),(1,3,0),(1,4,0),(1,5,0),(1,6,0),(1,7,0),(1,8,0),(1,9,0),(1,10,0),(1,11,0),(1,12,0),(1,13,0),(1,14,0),(1,15,0),(1,16,0),(1,17,0),(1,18,0),(1,19,0),(1,20,0),(1,21,0),(1,22,0),(1,23,0),(1,24,0),(1,25,0),(1,26,0),(1,27,0),(1,28,0),(1,29,0),(1,30,0),(1,31,0),(1,32,0),(1,33,0),(1,34,0),(1,35,0),(1,36,0),(1,37,0),(1,38,0),(1,39,0),(1,40,0),(1,41,0),(1,42,0),(1,43,0),(1,44,0),(1,45,0),(1,46,0),(1,47,0),(1,48,0),(1,49,0),(1,50,0),(1,51,0),(1,52,0),(1,53,0),(1,54,0),(1,55,0),(1,56,0),(1,57,0),(1,58,0),(1,59,0),(1,60,0),(1,61,0),(1,62,0),(1,63,0),(1,64,0),(1,65,0),(1,66,0),(1,67,0),(1,68,0),(1,69,0),(1,70,0),(1,71,0),(1,72,0),(1,73,0),(1,74,0),(1,75,0),(1,76,0),(1,77,0),(1,78,0),(1,79,0),(1,80,0),(1,81,0),(1,82,0),(1,83,0),(1,84,0),(1,85,0),(1,86,0),(1,87,0),(1,88,0),(1,89,0),(1,90,0),(1,91,0),(1,92,0),(1,93,0),(1,94,0),(1,95,0),(1,96,0),(1,97,0),(1,98,0),(1,99,0),(1,100,0),(1,101,0),(1,102,0),(1,103,0),(1,104,0),(1,105,0),(1,106,0),(1,107,0),(1,108,0),(1,109,0),(1,110,0),(1,111,0),(1,112,0),(1,113,0),(1,114,0),(1,115,0),(1,116,0),(1,117,0),(1,118,0),(1,119,0),(1,120,0),(1,121,0),(1,122,0),(1,123,0),(1,124,0),(1,125,0),(1,126,0),(1,127,0),(1,128,0),(1,129,0),(1,130,0),(1,131,0),(1,132,0),(1,133,0),(1,134,0),(1,135,0),(1,136,0),(1,137,0),(1,138,0),(1,139,0),(1,140,0),(1,141,0),(1,142,0),(1,143,0),(1,144,0),(1,145,0),(1,146,0),(1,147,0),(1,148,0),(1,149,0),(1,150,0),(1,151,0),(1,152,0),(1,153,0),(1,154,0),(1,155,0),(1,156,0),(1,157,0),(1,158,0),(1,159,0),(1,160,0),(1,161,0),(1,162,0),(1,163,0),(1,164,0),(1,165,0),(1,166,0),(1,167,0),(1,168,0),(1,169,0),(1,170,0),(1,171,0),(1,172,0),(1,173,0),(1,174,0),(1,175,0),(1,176,0),(1,177,0),(1,178,0),(1,179,0),(1,180,0),(1,181,0),(1,182,0),(1,183,0),(1,184,0),(1,185,0),(1,186,0),(1,187,0),(1,188,0),(1,189,0),(1,190,0),(1,191,0),(1,192,0),(1,193,0),(1,194,0),(1,195,0),(1,196,0),(1,197,0),(1,198,0),(1,199,0),(1,200,0),(1,201,0),(1,202,0),(1,203,0),(1,204,0),(1,205,0),(1,206,0),(1,207,0);
/*!40000 ALTER TABLE `realmcharacters` ENABLE KEYS */;
UNLOCK TABLES;

--
-- Table structure for table `realmd_db_version`
--

DROP TABLE IF EXISTS `realmd_db_version`;
/*!40101 SET @saved_cs_client     = @@character_set_client */;
/*!40101 SET character_set_client = utf8 */;
CREATE TABLE `realmd_db_version` (
  `required_z2820_01_realmd_joindate_datetime` bit(1) DEFAULT NULL
) ENGINE=MyISAM DEFAULT CHARSET=utf8 ROW_FORMAT=DYNAMIC COMMENT='Last applied sql update to DB';
/*!40101 SET character_set_client = @saved_cs_client */;

--
-- Dumping data for table `realmd_db_version`
--

LOCK TABLES `realmd_db_version` WRITE;
/*!40000 ALTER TABLE `realmd_db_version` DISABLE KEYS */;
INSERT INTO `realmd_db_version` VALUES (NULL);
/*!40000 ALTER TABLE `realmd_db_version` ENABLE KEYS */;
UNLOCK TABLES;

--
-- Table structure for table `realmlist`
--

DROP TABLE IF EXISTS `realmlist`;
/*!40101 SET @saved_cs_client     = @@character_set_client */;
/*!40101 SET character_set_client = utf8 */;
CREATE TABLE `realmlist` (
  `id` int(11) unsigned NOT NULL AUTO_INCREMENT,
  `name` varchar(32) NOT NULL DEFAULT '',
  `address` varchar(32) NOT NULL DEFAULT '127.0.0.1',
  `port` int(11) NOT NULL DEFAULT '8085',
  `icon` tinyint(3) unsigned NOT NULL DEFAULT '0',
  `realmflags` tinyint(3) unsigned NOT NULL DEFAULT '2' COMMENT 'Supported masks: 0x1 (invalid, not show in realm list), 0x2 (offline, set by mangosd), 0x4 (show version and build), 0x20 (new players), 0x40 (recommended)',
  `timezone` tinyint(3) unsigned NOT NULL DEFAULT '0',
  `allowedSecurityLevel` tinyint(3) unsigned NOT NULL DEFAULT '0',
  `population` float unsigned NOT NULL DEFAULT '0',
  `realmbuilds` varchar(64) NOT NULL DEFAULT '',
  PRIMARY KEY (`id`),
  UNIQUE KEY `idx_name` (`name`)
) ENGINE=MyISAM AUTO_INCREMENT=2 DEFAULT CHARSET=utf8 ROW_FORMAT=DYNAMIC COMMENT='Realm System';
/*!40101 SET character_set_client = @saved_cs_client */;

--
-- Dumping data for table `realmlist`
--

LOCK TABLES `realmlist` WRITE;
/*!40000 ALTER TABLE `realmlist` DISABLE KEYS */;
INSERT INTO `realmlist` VALUES (1,'MaNGOS','127.0.0.1',8085,8,2,1,0,0,'5875 6005 6141 ');
/*!40000 ALTER TABLE `realmlist` ENABLE KEYS */;
UNLOCK TABLES;

--
-- Table structure for table `system_fingerprint_usage`
--

DROP TABLE IF EXISTS `system_fingerprint_usage`;
/*!40101 SET @saved_cs_client     = @@character_set_client */;
/*!40101 SET character_set_client = utf8 */;
CREATE TABLE `system_fingerprint_usage` (
  `id` int(10) unsigned NOT NULL AUTO_INCREMENT,
  `fingerprint` int(10) unsigned NOT NULL,
  `account` int(10) unsigned NOT NULL,
  `ip` varchar(16) NOT NULL,
  `realm` int(10) unsigned NOT NULL,
  `time` datetime DEFAULT NULL,
  `architecture` varchar(16) DEFAULT NULL,
  `cputype` varchar(64) DEFAULT NULL,
  `activecpus` int(10) unsigned DEFAULT NULL,
  `totalcpus` int(10) unsigned DEFAULT NULL,
  `pagesize` int(10) unsigned DEFAULT NULL,
  PRIMARY KEY (`id`),
  KEY `fingerprint` (`fingerprint`),
  KEY `account` (`account`),
  KEY `ip` (`ip`)
) ENGINE=InnoDB AUTO_INCREMENT=148 DEFAULT CHARSET=utf8;
/*!40101 SET character_set_client = @saved_cs_client */;

--
-- Dumping data for table `system_fingerprint_usage`
--

LOCK TABLES `system_fingerprint_usage` WRITE;
/*!40000 ALTER TABLE `system_fingerprint_usage` DISABLE KEYS */;
INSERT INTO `system_fingerprint_usage` VALUES (118,1726807783,207,'127.0.0.1',1,NULL,'x86','Pentium (i586) Model: 158 Stepping: 10',12,12,4096),(119,1726807783,207,'127.0.0.1',1,NULL,'x86','Pentium (i586) Model: 158 Stepping: 10',12,12,4096),(120,1726807783,207,'127.0.0.1',1,NULL,'x86','Pentium (i586) Model: 158 Stepping: 10',12,12,4096),(121,1726807783,207,'127.0.0.1',1,NULL,'x86','Pentium (i586) Model: 158 Stepping: 10',12,12,4096),(122,1726807783,207,'127.0.0.1',1,NULL,'x86','Pentium (i586) Model: 158 Stepping: 10',12,12,4096),(123,1726807783,207,'127.0.0.1',1,NULL,'x86','Pentium (i586) Model: 158 Stepping: 10',12,12,4096),(124,1726807783,207,'127.0.0.1',1,NULL,'x86','Pentium (i586) Model: 158 Stepping: 10',12,12,4096),(125,1726807783,207,'127.0.0.1',1,NULL,'x86','Pentium (i586) Model: 158 Stepping: 10',12,12,4096),(126,1726807783,207,'127.0.0.1',1,NULL,'x86','Pentium (i586) Model: 158 Stepping: 10',12,12,4096),(127,1726807783,207,'127.0.0.1',1,NULL,'x86','Pentium (i586) Model: 158 Stepping: 10',12,12,4096),(128,1726807783,207,'127.0.0.1',1,NULL,'x86','Pentium (i586) Model: 158 Stepping: 10',12,12,4096),(129,1726807783,207,'127.0.0.1',1,NULL,'x86','Pentium (i586) Model: 158 Stepping: 10',12,12,4096),(130,1726807783,207,'127.0.0.1',1,NULL,'x86','Pentium (i586) Model: 158 Stepping: 10',12,12,4096),(131,1726807783,207,'127.0.0.1',1,NULL,'x86','Pentium (i586) Model: 158 Stepping: 10',12,12,4096),(132,1726807783,207,'127.0.0.1',1,NULL,'x86','Pentium (i586) Model: 158 Stepping: 10',12,12,4096),(133,1726807783,207,'127.0.0.1',1,NULL,'x86','Pentium (i586) Model: 158 Stepping: 10',12,12,4096),(134,1726807783,207,'127.0.0.1',1,NULL,'x86','Pentium (i586) Model: 158 Stepping: 10',12,12,4096),(135,1726807783,207,'127.0.0.1',1,NULL,'x86','Pentium (i586) Model: 158 Stepping: 10',12,12,4096),(136,1726807783,207,'127.0.0.1',1,NULL,'x86','Pentium (i586) Model: 158 Stepping: 10',12,12,4096),(137,1726807783,207,'127.0.0.1',1,NULL,'x86','Pentium (i586) Model: 158 Stepping: 10',12,12,4096),(138,1726807783,207,'127.0.0.1',1,NULL,'x86','Pentium (i586) Model: 158 Stepping: 10',12,12,4096),(139,1726807783,207,'127.0.0.1',1,NULL,'x86','Pentium (i586) Model: 158 Stepping: 10',12,12,4096),(140,1726807783,207,'127.0.0.1',1,NULL,'x86','Pentium (i586) Model: 158 Stepping: 10',12,12,4096),(141,1726807783,207,'127.0.0.1',1,NULL,'x86','Pentium (i586) Model: 158 Stepping: 10',12,12,4096),(142,1726807783,207,'127.0.0.1',1,NULL,'x86','Pentium (i586) Model: 158 Stepping: 10',12,12,4096),(143,1726807783,207,'127.0.0.1',1,NULL,'x86','Pentium (i586) Model: 158 Stepping: 10',12,12,4096),(144,1726807783,207,'127.0.0.1',1,NULL,'x86','Pentium (i586) Model: 158 Stepping: 10',12,12,4096),(145,1726807783,207,'127.0.0.1',1,NULL,'x86','Pentium (i586) Model: 158 Stepping: 10',12,12,4096),(146,1726807783,205,'127.0.0.1',1,NULL,'x86','Pentium (i586) Model: 158 Stepping: 10',12,12,4096),(147,1726807783,207,'127.0.0.1',1,NULL,'x86','Pentium (i586) Model: 158 Stepping: 10',12,12,4096);
/*!40000 ALTER TABLE `system_fingerprint_usage` ENABLE KEYS */;
UNLOCK TABLES;

--
-- Table structure for table `uptime`
--

DROP TABLE IF EXISTS `uptime`;
/*!40101 SET @saved_cs_client     = @@character_set_client */;
/*!40101 SET character_set_client = utf8 */;
CREATE TABLE `uptime` (
  `realmid` int(11) unsigned NOT NULL,
  `starttime` bigint(20) unsigned NOT NULL DEFAULT '0',
  `startstring` varchar(64) NOT NULL DEFAULT '',
  `uptime` bigint(20) unsigned NOT NULL DEFAULT '0',
  `maxplayers` smallint(5) unsigned NOT NULL DEFAULT '0',
  PRIMARY KEY (`realmid`,`starttime`)
) ENGINE=MyISAM DEFAULT CHARSET=utf8 ROW_FORMAT=DYNAMIC COMMENT='Uptime system';
/*!40101 SET character_set_client = @saved_cs_client */;

--
-- Dumping data for table `uptime`
--

LOCK TABLES `uptime` WRITE;
/*!40000 ALTER TABLE `uptime` DISABLE KEYS */;
INSERT INTO `uptime` VALUES (1,1764607895,'2025-12-01 17:51:35',0,0),(1,1764608065,'2025-12-01 17:54:25',0,0),(1,1764608549,'2025-12-01 18:02:29',0,0),(1,1764608675,'2025-12-01 18:04:35',0,0),(1,1764608816,'2025-12-01 18:06:56',0,0),(1,1764608965,'2025-12-01 18:09:25',0,0),(1,1764609110,'2025-12-01 18:11:50',0,0),(1,1764609237,'2025-12-01 18:13:57',0,0),(1,1764609443,'2025-12-01 18:17:23',0,0),(1,1764609597,'2025-12-01 18:19:57',0,0),(1,1764609771,'2025-12-01 18:22:51',0,0),(1,1764609928,'2025-12-01 18:25:28',0,0),(1,1764610096,'2025-12-01 18:28:16',0,0),(1,1764610270,'2025-12-01 18:31:10',0,0),(1,1764610870,'2025-12-01 18:41:10',0,0),(1,1764610924,'2025-12-01 18:42:04',0,0),(1,1764611168,'2025-12-01 18:46:08',0,0),(1,1764611284,'2025-12-01 18:48:04',0,0),(1,1764611419,'2025-12-01 18:50:19',0,0),(1,1764611595,'2025-12-01 18:53:15',0,0),(1,1764611923,'2025-12-01 18:58:43',0,0),(1,1764611976,'2025-12-01 18:59:36',0,0),(1,1764612187,'2025-12-01 19:03:07',0,0),(1,1764612483,'2025-12-01 19:08:03',0,0),(1,1764612740,'2025-12-01 19:12:20',0,0),(1,1764614748,'2025-12-01 19:45:48',0,0),(1,1764615194,'2025-12-01 19:53:14',3000,0),(1,1764618683,'2025-12-01 20:51:23',0,0),(1,1764618777,'2025-12-01 20:52:57',0,0),(1,1764619018,'2025-12-01 20:56:58',0,0),(1,1764619233,'2025-12-01 21:00:33',0,0),(1,1764619481,'2025-12-01 21:04:41',0,0),(1,1764620298,'2025-12-01 21:18:18',0,0),(1,1764620633,'2025-12-01 21:23:53',0,0),(1,1764620699,'2025-12-01 21:24:59',0,0),(1,1764622259,'2025-12-01 21:50:59',0,0),(1,1764622566,'2025-12-01 21:56:06',0,0),(1,1764622687,'2025-12-01 21:58:07',0,0),(1,1764622795,'2025-12-01 21:59:55',0,0),(1,1764622943,'2025-12-01 22:02:23',0,0),(1,1764623072,'2025-12-01 22:04:32',0,0),(1,1764623170,'2025-12-01 22:06:10',0,0),(1,1764623298,'2025-12-01 22:08:18',0,0),(1,1764623426,'2025-12-01 22:10:26',0,0),(1,1764696653,'2025-12-02 18:30:53',1255,1),(1,1764698900,'2025-12-02 19:08:20',9010,1),(1,1764785140,'2025-12-03 19:05:40',7264,1),(1,1764793091,'2025-12-03 21:18:11',611,1),(1,1764867293,'2025-12-04 17:54:53',8451,1),(1,1764878452,'2025-12-04 21:00:52',7209,1),(1,1764954028,'2025-12-05 18:00:28',4851,1),(1,1764959359,'2025-12-05 19:29:19',14411,1),(1,1765014073,'2025-12-06 10:41:13',30047,1),(1,1765045917,'2025-12-06 19:31:57',6024,1),(1,1765100343,'2025-12-07 10:39:03',20454,1),(1,1765121422,'2025-12-07 16:30:22',10219,1),(1,1765131789,'2025-12-07 19:23:09',11410,1),(1,1765145462,'2025-12-07 23:11:02',4810,1),(1,1765187200,'2025-12-08 10:46:40',9049,1),(1,1765204185,'2025-12-08 15:29:45',12618,1),(1,1765216837,'2025-12-08 19:00:37',3013,1),(1,1765225174,'2025-12-08 21:19:34',2410,1),(1,1765296717,'2025-12-09 17:11:57',6655,1),(1,1765312226,'2025-12-09 21:30:26',4810,1),(1,1765381139,'2025-12-10 16:38:59',21056,1),(1,1765402447,'2025-12-10 22:34:07',0,0),(1,1765451655,'2025-12-11 12:14:15',0,0),(1,1765452921,'2025-12-11 12:35:21',9000,1),(1,1765462177,'2025-12-11 15:09:37',0,0),(1,1765462924,'2025-12-11 15:22:04',0,0),(1,1765463010,'2025-12-11 15:23:30',0,0),(1,1765463170,'2025-12-11 15:26:10',0,0),(1,1765463424,'2025-12-11 15:30:24',0,0),(1,1765463751,'2025-12-11 15:35:51',0,0),(1,1765464021,'2025-12-11 15:40:21',0,0),(1,1765464256,'2025-12-11 15:44:16',0,0),(1,1765464521,'2025-12-11 15:48:41',0,0),(1,1765464795,'2025-12-11 15:53:15',0,0),(1,1765464958,'2025-12-11 15:55:58',0,0),(1,1765465142,'2025-12-11 15:59:02',0,0),(1,1765465270,'2025-12-11 16:01:10',0,0),(1,1765465456,'2025-12-11 16:04:16',0,0),(1,1765465607,'2025-12-11 16:06:47',0,0),(1,1765465717,'2025-12-11 16:08:37',0,0),(1,1765465862,'2025-12-11 16:11:02',0,0),(1,1765466007,'2025-12-11 16:13:27',0,0),(1,1765466587,'2025-12-11 16:23:07',0,0),(1,1765466754,'2025-12-11 16:25:54',0,0),(1,1765471219,'2025-12-11 17:40:19',12036,1),(1,1765483603,'2025-12-11 21:06:43',9011,1),(1,1765559262,'2025-12-12 18:07:42',21654,1),(1,1765626025,'2025-12-13 12:40:25',7252,1),(1,1765637476,'2025-12-13 15:51:16',14454,1),(1,1765656644,'2025-12-13 21:10:44',5424,1),(1,1765706226,'2025-12-14 10:57:06',29437,1),(1,1765817904,'2025-12-15 17:58:24',3653,1),(1,1765901196,'2025-12-16 17:06:36',7254,1),(1,1765908671,'2025-12-16 19:11:11',10210,1),(1,1765919067,'2025-12-16 22:04:27',3025,1),(1,1765997339,'2025-12-17 19:48:59',12666,1),(1,1766074998,'2025-12-18 17:23:18',22252,1),(1,1766160522,'2025-12-19 17:08:42',7252,1),(1,1766168094,'2025-12-19 19:14:54',9010,1),(1,1766177873,'2025-12-19 21:57:53',0,0),(1,1766178490,'2025-12-19 22:08:10',7210,1),(1,1766225360,'2025-12-20 11:09:20',27050,1),(1,1766261412,'2025-12-20 21:10:12',12020,1),(1,1766313250,'2025-12-21 11:34:10',20449,1),(1,1766333764,'2025-12-21 17:16:04',2425,0),(1,1766336850,'2025-12-21 18:07:30',20410,1),(1,1766394017,'2025-12-22 10:00:17',22266,1),(1,1766416370,'2025-12-22 16:12:50',17418,1),(1,1766434283,'2025-12-22 21:11:23',10812,1),(1,1766480281,'2025-12-23 09:58:01',34267,1),(1,1766521151,'2025-12-23 21:19:11',3020,1),(1,1766564913,'2025-12-24 09:28:33',42661,1),(1,1766608280,'2025-12-24 21:31:20',10829,1),(1,1766655547,'2025-12-25 10:39:07',7234,1),(1,1766663648,'2025-12-25 12:54:08',4210,1),(1,1766671568,'2025-12-25 15:06:08',13822,1),(1,1766685918,'2025-12-25 19:05:18',15625,1),(1,1766742595,'2025-12-26 10:49:55',32439,1),(1,1766775142,'2025-12-26 19:52:22',21025,1),(1,1766842765,'2025-12-27 14:39:25',19249,1),(1,1766864466,'2025-12-27 20:41:06',10218,1),(1,1766918082,'2025-12-28 11:34:42',28245,1),(1,1766946951,'2025-12-28 19:35:51',10225,1),(1,1767026254,'2025-12-29 17:37:34',7861,1),(1,1767039070,'2025-12-29 21:11:10',7211,0),(1,1767109917,'2025-12-30 16:51:57',10255,1),(1,1767120777,'2025-12-30 19:52:57',10810,0);
/*!40000 ALTER TABLE `uptime` ENABLE KEYS */;
UNLOCK TABLES;
/*!40103 SET TIME_ZONE=@OLD_TIME_ZONE */;

/*!40101 SET SQL_MODE=@OLD_SQL_MODE */;
/*!40014 SET FOREIGN_KEY_CHECKS=@OLD_FOREIGN_KEY_CHECKS */;
/*!40014 SET UNIQUE_CHECKS=@OLD_UNIQUE_CHECKS */;
/*!40101 SET CHARACTER_SET_CLIENT=@OLD_CHARACTER_SET_CLIENT */;
/*!40101 SET CHARACTER_SET_RESULTS=@OLD_CHARACTER_SET_RESULTS */;
/*!40101 SET COLLATION_CONNECTION=@OLD_COLLATION_CONNECTION */;
/*!40111 SET SQL_NOTES=@OLD_SQL_NOTES */;

-- Dump completed on 2025-12-31 15:44:58
