
DROP TEMPORARY TABLE IF EXISTS CreatureList;
CREATE TEMPORARY TABLE CreatureList (Entry MEDIUMINT(8) UNSIGNED NOT NULL DEFAULT '0');
INSERT INTO CreatureList Values (54), (92), (225), (275), (329), (543), (691), (950), (952), (1045), (1068), (1243), (1296), (1451), (1694), (1751), (1752), (1810), (1819), (1964), (2041), (2046), (2051), (2154), (2198), (2258), (2299), (2592), (2735), (2736), (2752), (2755), (2757), (2759), (2787), (2791), (2803), (2806), (2833), (2887), (2888), (2919), (2920), (2921), (2986), (3000), (3149), (3150), (3298), (3483), (3489), (3569), (3691), (3692), (3693), (3694), (3695), (3708), (3834), (3885), (3888), (3891), (3915), (3916), (3917), (3919), (3950), (3986), (4028), (4029), (4030), (4033), (4034), (4035), (4079), (4080), (4081), (4120), (4121), (4155), (4319), (4476), (4488), (4489), (4490), (4499), (4979), (5348), (5461), (5462), (5465), (5501), (5850), (5852), (5855), (5902), (5977), (5978), (5986), (6007);
INSERT INTO CreatureList Values (6008), (6009), (6010), (6011), (6016), (6134), (6135), (6136), (6137), (6138), (6140), (6176), (6220), (6239), (6349), (6350), (6351), (6352), (6379), (6380), (6498), (6499), (6500), (6501), (6502), (6503), (6504), (6505), (6506), (6507), (6508), (6509), (6510), (6511), (6512), (6513), (6514), (6516), (6517), (6518), (6519), (6520), (6521), (6527), (6551), (6552), (6553), (6554), (6555), (6556), (6557), (6559), (6560), (6581), (6585), (6774), (6780), (6782), (6786), (6806), (6887), (6932), (7025), (7026), (7027), (7028), (7029), (7031), (7032), (7033), (7034), (7035), (7036), (7037), (7038), (7039), (7040), (7041), (7042), (7043), (7044), (7045), (7046), (7055), (7068), (7071), (7079), (7086), (7092), (7093), (7097), (7098), (7099), (7100), (7101), (7104), (7105), (7106), (7107), (7108);
INSERT INTO CreatureList Values (7109), (7110), (7111), (7112), (7113), (7114), (7115), (7116), (7117), (7118), (7119), (7120), (7121), (7125), (7126), (7127), (7128), (7132), (7135), (7136), (7137), (7138), (7139), (7144), (7146), (7149), (7153), (7154), (7155), (7156), (7157), (7158), (7229), (7234), (7364), (7365), (7368), (7369), (7371), (7372), (7377), (7379), (7399), (7401), (7409), (7413), (7416), (7424), (7425), (7466), (7468), (7544), (7546), (7547), (7548), (7551), (7552), (7556), (7558), (7559), (7561), (7563), (7566), (7568), (7569), (7570), (7572), (7623), (7643), (7664), (7665), (7666), (7667), (7668), (7669), (7670), (7671), (7729), (7735), (7750), (7775), (7826), (7885), (7886), (8206), (8278), (8281), (8359), (8479), (8480), (8496), (8509), (8615), (8616), (8667), (8676), (8677), (8738), (8776), (8816);
INSERT INTO CreatureList Values (8837), (8879), (8886), (8887), (8888), (8889), (8890), (8891), (8892), (8893), (8894), (8895), (8896), (8897), (8898), (8899), (8900), (8901), (8902), (8903), (8904), (8905), (8906), (8907), (8908), (8909), (8910), (8911), (8912), (8913), (8914), (8915), (8916), (8920), (8921), (8922), (8923), (8924), (8925), (8926), (8927), (8928), (8929), (8932), (8933), (8956), (8957), (8958), (8959), (8960), (8961), (8964), (8977), (8978), (8979), (8981), (8982), (8983), (9016), (9017), (9018), (9019), (9020), (9021), (9022), (9024), (9025), (9026), (9027), (9028), (9029), (9030), (9031), (9032), (9033), (9034), (9035), (9036), (9037), (9038), (9039), (9040), (9041), (9042), (9043), (9044), (9046), (9047), (9056), (9077), (9078), (9079), (9080), (9081), (9082), (9083), (9084), (9085), (9086), (9116);
INSERT INTO CreatureList Values (9117), (9118), (9119), (9136), (9156), (9157), (9162), (9163), (9164), (9165), (9166), (9167), (9176), (9177), (9178), (9270), (9271), (9272), (9273), (9274), (9296), (9319), (9377), (9396), (9397), (9398), (9436), (9437), (9438), (9439), (9441), (9442), (9443), (9445), (9453), (9454), (9459), (9461), (9462), (9464), (9465), (9467), (9476), (9477), (9496), (9498), (9499), (9500), (9502), (9503), (9517), (9518), (9520), (9522), (9528), (9529), (9536), (9537), (9538), (9539), (9540), (9541), (9542), (9543), (9544), (9545), (9547), (9554), (9556), (9561), (9562), (9598), (9599), (9600), (9601), (9602), (9604), (9616), (9618), (9619), (9620), (9621), (9622), (9623), (9656), (9657), (9677), (9678), (9679), (9680), (9681), (9682), (9683), (9684), (9690), (9691), (9694), (9695), (9697), (9698);
INSERT INTO CreatureList Values (9706), (9776), (9777), (9778), (9779), (9836), (9860), (9861), (9862), (9877), (9878), (9879), (9938), (9956), (9996), (9997), (9998), (9999), (10016), (10017), (10040), (10041), (10043), (10076), (10077), (10078), (10084), (10096), (10116), (10117), (10119), (10136), (10156), (10183), (10217), (10218), (10260), (10262), (10290), (10306), (10373), (10379), (10427), (10428), (10539), (10610), (10616), (10642), (10648), (10665), (10666), (10783), (10784), (10785), (10786), (10787), (10788), (10789), (10790), (10791), (10792), (10793), (10794), (10795), (10796), (10797), (10798), (10877), (10878), (10879), (10882), (10919), (10920), (10921), (10922), (10923), (10924), (10989), (11016), (11018), (11019), (11020), (11024), (11098), (11141), (11180), (11181), (11196), (11236), (11328), (11346), (11355), (11383), (11516), (11552), (11553), (11554), (11555), (11557), (11558);
INSERT INTO CreatureList Values (11576), (11577), (11578), (11579), (11599), (11617), (11618), (11619), (11700), (11701), (11702), (11735), (11736), (11737), (11738), (11739), (11742), (11743), (11744), (11746), (11801), (11805), (11815), (11884), (11900), (11939), (12035), (12036), (12038), (12039), (12040), (12136), (12137), (12141), (12178), (12179), (12180), (12199), (12276), (12381), (12382), (12386), (12578), (12759), (12956), (12959), (13085), (13136), (13177), (13220), (13301), (14061), (14062), (14063), (14184), (14269), (14341), (14422), (14663), (14699), (14701), (14704), (14706), (14709), (15136), (15137), (15138), (15187), (15188), (15395), (15530), (15536);
 
DROP TEMPORARY TABLE IF EXISTS ObjectList;
CREATE TEMPORARY TABLE ObjectList (Entry MEDIUMINT(8) UNSIGNED NOT NULL DEFAULT '0');
INSERT INTO ObjectList Values (249), (251), (2688), (2689), (2690), (2691), (2701), (2702), (2842), (2848), (2858), (2867), (2933), (3636), (3637), (3638), (3639), (3716), (3717), (3718), (3936), (3937), (3938), (3939), (3940), (3941), (3942), (3943), (4004), (6751), (6752), (7510), (19021), (19022), (19024), (19547), (19590), (19591), (19592), (19600), (19601), (19602), (19603), (20725), (20726), (20899), (89931), (126049), (126158), (126312), (126313), (126314), (126335), (126337), (126338), (126339), (126340), (126341), (126342), (126345), (128293), (140372), (140373), (140374), (140375), (140376), (140378), (140379), (140380), (140381), (140382), (140383), (140384), (140385), (140386), (140387), (140388), (140389), (140390), (140391), (140392), (140393), (140394), (140395), (140396), (140397), (140398), (140399), (140400), (140401), (140402), (140403), (140439), (147516), (147517), (148501), (148503), (148507), (149025), (149030);
INSERT INTO ObjectList Values (149031), (149032), (149047), (149502), (152619), (152620), (152621), (152622), (152631), (153203), (153204), (153205), (153516), (153556), (157923), (157936), (158545), (158546), (158547), (158548), (158549), (158550), (158551), (158552), (158553), (158554), (158555), (158556), (158557), (158558), (158559), (158560), (158561), (158562), (158563), (158564), (158565), (158566), (158567), (158568), (158569), (158570), (158571), (158572), (158576), (158579), (158580), (158581), (158582), (158583), (158584), (158585), (158599), (158608), (158674), (158678), (158679), (158680), (160445), (160836), (160839), (160840), (160842), (160845), (161456), (161457), (161458), (161459), (161460), (161461), (161462), (161495), (161516), (161521), (161522), (161523), (161524), (161525), (161526), (161527), (161557), (164658), (164659), (164660), (164661), (164688), (164689), (164729), (164738), (164758), (164778), (164779), (164780), (164781), (164818), (164819), (164820), (164821), (164822), (164823);
INSERT INTO ObjectList Values (164824), (164825), (164838), (164867), (164868), (164869), (164881), (164882), (164883), (164884), (164885), (164886), (164887), (164888), (164911), (164927), (164955), (164956), (164957), (164958), (165554), (165658), (165678), (165738), (165739), (165760), (166863), (166872), (167284), (167285), (167286), (167287), (167288), (167289), (167290), (167291), (169216), (169217), (169243), (169294), (170439), (170440), (170441), (170442), (170443), (170444), (170445), (170446), (170447), (170448), (170449), (170450), (170451), (170452), (170453), (170454), (170455), (170456), (170457), (170458), (170459), (170460), (170461), (170462), (170463), (170464), (170465), (170466), (170467), (170468), (170469), (170470), (170471), (170472), (170473), (170474), (170475), (170476), (170477), (170478), (170479), (170480), (170481), (170482), (170483), (170484), (170485), (170486), (170487), (170488), (170489), (170490), (170491), (170492), (170493), (170494), (170495), (170496), (170497), (170498);
INSERT INTO ObjectList Values (170499), (170500), (170501), (170502), (170503), (170504), (170505), (170506), (170507), (170508), (170509), (170510), (170511), (170512), (170513), (170514), (170515), (170516), (170517), (170518), (170519), (170520), (170521), (170522), (170523), (170524), (170525), (170526), (170527), (170528), (170529), (170530), (170531), (170532), (170533), (170534), (170535), (170536), (170537), (170538), (170539), (170540), (170541), (170542), (170543), (170544), (170545), (170546), (170547), (170548), (170549), (170550), (170551), (170552), (170553), (170554), (170555), (170556), (170557), (170558), (170559), (170560), (170561), (170562), (170563), (170564), (170565), (170566), (170567), (170568), (170569), (170570), (170571), (170572), (170573), (170574), (170575), (170576), (170577), (170578), (170579), (170580), (170581), (170582), (170583), (170584), (170592), (170607), (171939), (171940), (171941), (171942), (171943), (172619), (172911), (173232), (173284), (173324), (173325), (173326);
INSERT INTO ObjectList Values (173327), (174045), (174407), (174408), (174409), (174410), (174411), (174412), (174413), (174414), (174415), (174416), (174417), (174418), (174419), (174420), (174421), (174422), (174423), (174424), (174425), (174426), (174427), (174428), (174429), (174430), (174431), (174432), (174433), (174434), (174435), (174436), (174437), (174438), (174439), (174440), (174441), (174442), (174443), (174444), (174445), (174446), (174447), (174448), (174449), (174450), (174451), (174452), (174453), (174454), (174455), (174456), (174457), (174458), (174459), (174460), (174461), (174462), (174463), (174464), (174465), (174466), (174467), (174468), (174469), (174470), (174471), (174472), (174473), (174474), (174475), (174476), (174477), (174478), (174479), (174480), (174481), (174482), (174483), (174484), (174485), (174486), (174487), (174488), (174489), (174490), (174491), (174492), (174493), (174494), (174495), (174496), (174497), (174498), (174499), (174500), (174501), (174502), (174503), (174504);
INSERT INTO ObjectList Values (174505), (174506), (174507), (174508), (174509), (174510), (174511), (174512), (174513), (174514), (174515), (174516), (174517), (174518), (174519), (174520), (174521), (174522), (174523), (174524), (174525), (174526), (174527), (174528), (174529), (174530), (174531), (174532), (174533), (174534), (174535), (174536), (174537), (174538), (174539), (174540), (174541), (174542), (174543), (174544), (174545), (174546), (174547), (174548), (174549), (174550), (174551), (174552), (174553), (174554), (174555), (174556), (174557), (174558), (174559), (174560), (174561), (174562), (174563), (174564), (174565), (174566), (174594), (174595), (174596), (174597), (174598), (174599), (174600), (174601), (174602), (174603), (174604), (174605), (174606), (174607), (174608), (174609), (174610), (174612), (174613), (174614), (174615), (174616), (174617), (174618), (174619), (174620), (174621), (174622), (174623), (174624), (174625), (174682), (174683), (174684), (174685), (174686), (174687), (174698);
INSERT INTO ObjectList Values (174699), (174708), (174709), (174710), (174711), (174712), (174713), (174714), (174715), (174729), (174730), (174744), (174745), (174792), (174793), (174824), (174825), (174848), (175075), (175076), (175246), (175247), (175248), (175249), (175265), (175329), (175330), (175331), (175336), (175565), (175566), (175567), (175928), (175944), (176157), (176158), (176159), (176160), (176161), (176184), (176188), (176225), (176305), (176306), (176326), (176636), (176637), (176642), (176645), (176753), (176785), (176793), (176894), (176895), (176896), (176897), (176898), (176899), (177104), (177105), (177106), (177107), (177108), (177109), (177110), (177111), (177112), (177113), (177114), (177115), (177120), (177125), (177128), (177226), (177275), (177276), (177281), (177306), (177624), (178125), (178524), (178525), (178553), (179344), (179782), (180216), (180417), (180438), (180439), (180440), (180441), (180442), (180443), (180444), (180451), (180913), (180914), (180915), (181633), (181634);
INSERT INTO ObjectList Values (181635), (187260), (210338), (300065);
 
DROP TEMPORARY TABLE IF EXISTS ItemList;
CREATE TEMPORARY TABLE ItemList (Entry MEDIUMINT(8) UNSIGNED NOT NULL DEFAULT '0');
INSERT INTO ItemList Values (80), (647), (810), (811), (812), (833), (836), (942), (1116), (1168), (1203), (1263), (1315), (1443), (1444), (1607), (1706), (1721), (1973), (2040), (2099), (2163), (2244), (2245), (2246), (2662), (2663), (2690), (2820), (2824), (2915), (3075), (3948), (3949), (3950), (3951), (3971), (3972), (3973), (3976), (3990), (3994), (3995), (3996), (3997), (4435), (4469), (4472), (4473), (4483), (4484), (4485), (4518), (4519), (4520), (4615), (4623), (4624), (4626), (4627), (4628), (4629), (4630), (4640), (4645), (4652), (4653), (4696), (4743), (4843), (4844), (4845), (4846), (4847), (4979), (5189), (5190), (5205), (5206), (5266), (5386), (5387), (5388), (5446), (5447), (5448), (5451), (5455), (5456), (5462), (5463), (5464), (5475), (5505), (5519), (5537), (5544), (5547), (5609), (5659);
INSERT INTO ItemList Values (5664), (5669), (5692), (5693), (5694), (5695), (5717), (5718), (5731), (5732), (5737), (5738), (5815), (5816), (5843), (5844), (5860), (5861), (6070), (6292), (6294), (6295), (6316), (6329), (6643), (6659), (6660), (6678), (6804), (6806), (6851), (6887), (6894), (6929), (6975), (6976), (6977), (7051), (7052), (7054), (7061), (7063), (7064), (7067), (7068), (7069), (7070), (7075), (7076), (7077), (7078), (7079), (7080), (7081), (7086), (7088), (7334), (7335), (7336), (7352), (7359), (7362), (7364), (7377), (7627), (7629), (7646), (7734), (7846), (7847), (7848), (7866), (7867), (7870), (7946), (7954), (7960), (7961), (7974), (8028), (8047), (8048), (8049), (8050), (8080), (8081), (8084), (8146), (8190), (8217), (8218), (8244), (8245), (8252), (8258), (8265), (8271), (8275), (8284), (8285);
INSERT INTO ItemList Values (8287), (8288), (8289), (8291), (8292), (8293), (8294), (8295), (8298), (8299), (8300), (8301), (8302), (8304), (8305), (8306), (8307), (8308), (8310), (8312), (8318), (8320), (8345), (8346), (8348), (8367), (8463), (8499), (8544), (8753), (8754), (8777), (8785), (8789), (8790), (8791), (8792), (8793), (8871), (8872), (8873), (8874), (8875), (8877), (8878), (8879), (8880), (8881), (8882), (8927), (8938), (8939), (8940), (8941), (8985), (8986), (8987), (8988), (8989), (8990), (8991), (8992), (8993), (8994), (8995), (8996), (8997), (8998), (8999), (9000), (9001), (9002), (9003), (9004), (9005), (9006), (9007), (9008), (9009), (9010), (9011), (9012), (9013), (9014), (9015), (9016), (9017), (9018), (9030), (9150), (9151), (9152), (9156), (9157), (9158), (9159), (9160), (9161), (9186), (9402);
INSERT INTO ItemList Values (9452), (9453), (9454), (9718), (9719), (10042), (10044), (10095), (10097), (10100), (10101), (10102), (10104), (10105), (10106), (10111), (10112), (10113), (10118), (10119), (10121), (10123), (10124), (10125), (10136), (10138), (10144), (10145), (10147), (10148), (10156), (10159), (10164), (10168), (10169), (10170), (10177), (10178), (10181), (10182), (10188), (10210), (10211), (10212), (10213), (10214), (10216), (10219), (10221), (10222), (10223), (10224), (10225), (10228), (10229), (10230), (10232), (10233), (10234), (10235), (10236), (10237), (10258), (10275), (10276), (10277), (10279), (10280), (10281), (10282), (10305), (10306), (10307), (10308), (10309), (10310), (10362), (10363), (10364), (10365), (10369), (10370), (10371), (10372), (10374), (10375), (10376), (10377), (10380), (10381), (10391), (10500), (10508), (10509), (10511), (10515), (10542), (10543), (10545), (10551);
INSERT INTO ItemList Values (10552), (10569), (10575), (10576), (10588), (10598), (10599), (10600), (10609), (10610), (10630), (10633), (10659), (10696), (10697), (10698), (10714), (10738), (10742), (10743), (10744), (10752), (10753), (10754), (10755), (10757), (10759), (10778), (10779), (10789), (10790), (10791), (10792), (10793), (10794), (10828), (10829), (10833), (10834), (10835), (10836), (10837), (10839), (10840), (10847), (10959), (10999), (11000), (11018), (11058), (11078), (11079), (11080), (11112), (11113), (11114), (11116), (11119), (11125), (11126), (11129), (11131), (11132), (11140), (11141), (11151), (11165), (11184), (11185), (11186), (11188), (11193), (11194), (11195), (11196), (11197), (11205), (11207), (11230), (11231), (11266), (11267), (11268), (11269), (11270), (11282), (11283), (11284), (11285), (11286), (11302), (11303), (11304), (11305), (11306), (11309), (11312), (11313), (11315), (11316);
INSERT INTO ItemList Values (11318), (11319), (11320), (11325), (11370), (11371), (11382), (11395), (11405), (11412), (11413), (11422), (11423), (11444), (11445), (11467), (11468), (11470), (11475), (11476), (11477), (11478), (11479), (11480), (11482), (11503), (11504), (11509), (11510), (11512), (11513), (11514), (11515), (11516), (11562), (11563), (11564), (11565), (11566), (11567), (11568), (11569), (11570), (11602), (11603), (11606), (11607), (11608), (11609), (11610), (11611), (11614), (11622), (11623), (11624), (11625), (11626), (11627), (11628), (11629), (11630), (11631), (11632), (11633), (11634), (11635), (11642), (11643), (11644), (11645), (11646), (11647), (11648), (11649), (11662), (11665), (11668), (11669), (11670), (11671), (11672), (11673), (11674), (11675), (11677), (11678), (11679), (11682), (11684), (11685), (11686), (11702), (11703), (11722), (11732), (11733), (11734), (11735), (11736), (11737);
INSERT INTO ItemList Values (11742), (11744), (11745), (11746), (11747), (11748), (11749), (11750), (11751), (11752), (11753), (11754), (11755), (11764), (11765), (11766), (11767), (11768), (11782), (11783), (11784), (11785), (11786), (11787), (11802), (11803), (11804), (11805), (11807), (11808), (11809), (11810), (11811), (11812), (11813), (11814), (11815), (11816), (11817), (11819), (11820), (11821), (11822), (11823), (11824), (11825), (11826), (11827), (11828), (11829), (11830), (11831), (11832), (11833), (11834), (11835), (11837), (11839), (11840), (11841), (11842), (11843), (11844), (11862), (11863), (11864), (11865), (11866), (11867), (11868), (11869), (11870), (11871), (11872), (11873), (11874), (11875), (11876), (11882), (11883), (11885), (11906), (11907), (11908), (11909), (11910), (11911), (11912), (11913), (11914), (11915), (11916), (11917), (11918), (11919), (11920), (11921), (11922), (11923), (11924);
INSERT INTO ItemList Values (11925), (11926), (11927), (11928), (11929), (11930), (11931), (11932), (11933), (11934), (11935), (11937), (11938), (11939), (11940), (11941), (11942), (11943), (11944), (11945), (11946), (11947), (11948), (11949), (11950), (11951), (11952), (11953), (11954), (11955), (11962), (11963), (11964), (11966), (11978), (11991), (12000), (12003), (12004), (12015), (12026), (12033), (12035), (12038), (12045), (12046), (12049), (12050), (12051), (12056), (12057), (12059), (12066), (12082), (12083), (12102), (12108), (12109), (12110), (12111), (12112), (12113), (12114), (12115), (12185), (12187), (12188), (12189), (12206), (12207), (12216), (12218), (12220), (12222), (12225), (12230), (12234), (12235), (12236), (12244), (12245), (12259), (12260), (12261), (12288), (12291), (12341), (12342), (12343), (12346), (12347), (12349), (12350), (12355), (12413), (12467), (12527), (12528), (12531), (12532);
INSERT INTO ItemList Values (12535), (12542), (12543), (12544), (12545), (12546), (12547), (12548), (12549), (12550), (12551), (12552), (12553), (12554), (12555), (12556), (12557), (12732), (12737), (12785), (12791), (12793), (12803), (12906), (12907), (12922), (12924), (12925), (12931), (12932), (12933), (12961), (12962), (13001), (13002), (13003), (13004), (13007), (13008), (13009), (13013), (13014), (13022), (13027), (13030), (13036), (13040), (13044), (13047), (13052), (13053), (13056), (13059), (13060), (13066), (13067), (13070), (13072), (13073), (13077), (13078), (13085), (13091), (13096), (13101), (13111), (13118), (13120), (13122), (13126), (13130), (13135), (13140), (13144), (13146), (13207), (13214), (13422), (13423), (13442), (13445), (13476), (13477), (13478), (13483), (13484), (13488), (13489), (13516), (13562), (13586), (13702), (13710), (13711), (13712), (13713), (13714), (13715), (13716), (13717);
INSERT INTO ItemList Values (13754), (13758), (13817), (13818), (13819), (13821), (13825), (13842), (13843), (13844), (13845), (13846), (13847), (13848), (13849), (13850), (13872), (13923), (13925), (13927), (13930), (13939), (13940), (13941), (14284), (14287), (14288), (14297), (14298), (14302), (14303), (14305), (14306), (14307), (14309), (14310), (14314), (14315), (14316), (14319), (14320), (14323), (14324), (14327), (14331), (14343), (14449), (14453), (14455), (14457), (14458), (14459), (14465), (14535), (14552), (14670), (14671), (14675), (14676), (14677), (14678), (14682), (14683), (14684), (14798), (14799), (14800), (14804), (14805), (14806), (14808), (14810), (14813), (14854), (14858), (14859), (14860), (14863), (14864), (14865), (14869), (14871), (14924), (14925), (14930), (14932), (14933), (14934), (14935), (14937), (14938), (14958), (14964), (14967), (14969), (14970), (14971), (14972), (14973), (14977);
INSERT INTO ItemList Values (14983), (15102), (15103), (15119), (15179), (15185), (15188), (15189), (15191), (15192), (15202), (15203), (15204), (15218), (15219), (15238), (15255), (15256), (15264), (15265), (15271), (15272), (15276), (15278), (15281), (15282), (15324), (15325), (15390), (15391), (15426), (15428), (15429), (15430), (15431), (15432), (15436), (15464), (15465), (15466), (15640), (15648), (15650), (15651), (15655), (15657), (15658), (15662), (15663), (15664), (15665), (15666), (15668), (15671), (15672), (15673), (15674), (15681), (15683), (15693), (15699), (15702), (15703), (15705), (15706), (15707), (15708), (15709), (15722), (15879), (15890), (15930), (15938), (15939), (15967), (15984), (15985), (15986), (16110), (16111), (16113), (16202), (16203), (16204), (16211), (16213), (16214), (16215), (16216), (16217), (16218), (16219), (16220), (16282), (16283), (16306), (16307), (16330), (16373), (16383);
INSERT INTO ItemList Values (16389), (16748), (16766), (16767), (17000), (17007), (17046), (17050), (17345), (17346), (17355), (17409), (17704), (17706), (18023), (18043), (18044), (18062), (18300), (18303), (18316), (18355), (18400), (18402), (19742), (19911), (20015), (20016), (20294), (20770), (21311), (21312), (22233), (22266), (22729), (22933), (24222);
 
DROP TEMPORARY TABLE IF EXISTS QuestList;
CREATE TEMPORARY TABLE QuestList (Entry MEDIUMINT(8) UNSIGNED NOT NULL DEFAULT '0');
INSERT INTO QuestList Values (17), (33), (642), (651), (652), (653), (656), (687), (688), (692), (710), (711), (712), (713), (714), (715), (716), (717), (718), (732), (733), (734), (777), (778), (779), (782), (793), (795), (930), (931), (939), (984), (985), (986), (990), (991), (993), (994), (995), (996), (998), (1000), (1004), (1015), (1016), (1017), (1018), (1019), (1023), (1024), (1025), (1026), (1027), (1028), (1029), (1030), (1036), (1045), (1046), (1047), (1054), (1055), (1070), (1071), (1072), (1073), (1074), (1075), (1076), (1077), (1079), (1080), (1081), (1082), (1083), (1084), (1085), (1091), (1123), (1124), (1125), (1126), (1149), (1150), (1151), (1152), (1154), (1159), (1160), (1185), (1394), (1514), (1712), (1713), (1714), (1791), (1792), (2158), (2159), (2160);
INSERT INTO QuestList Values (2161), (2202), (2203), (2258), (2399), (2438), (2459), (2500), (2501), (2521), (2522), (2523), (2621), (2622), (2623), (2681), (2701), (2702), (2721), (2743), (2744), (2783), (2784), (2801), (2878), (3141), (3363), (3441), (3442), (3443), (3452), (3453), (3454), (3462), (3463), (3481), (3508), (3509), (3510), (3511), (3526), (3602), (3621), (3625), (3626), (3627), (3628), (3629), (3630), (3632), (3633), (3634), (3635), (3637), (3638), (3639), (3640), (3641), (3642), (3643), (3644), (3645), (3646), (3647), (3701), (3702), (3801), (3802), (3821), (3822), (3823), (3824), (3825), (3881), (3882), (3883), (3884), (3903), (3904), (3905), (3906), (3907), (3981), (3982), (4001), (4002), (4003), (4004), (4022), (4023), (4024), (4061), (4062), (4063), (4081), (4082), (4083), (4101), (4102), (4103);
INSERT INTO QuestList Values (4104), (4105), (4106), (4107), (4108), (4109), (4110), (4111), (4112), (4113), (4114), (4115), (4116), (4117), (4118), (4119), (4120), (4121), (4122), (4123), (4126), (4128), (4132), (4133), (4134), (4136), (4141), (4142), (4143), (4144), (4145), (4146), (4147), (4148), (4181), (4201), (4221), (4222), (4243), (4244), (4245), (4261), (4262), (4263), (4283), (4284), (4285), (4286), (4287), (4288), (4289), (4290), (4291), (4292), (4293), (4294), (4295), (4296), (4300), (4301), (4321), (4324), (4341), (4342), (4343), (4361), (4362), (4363), (4381), (4382), (4383), (4384), (4385), (4386), (4401), (4403), (4421), (4441), (4442), (4443), (4444), (4445), (4446), (4447), (4448), (4461), (4462), (4463), (4464), (4465), (4466), (4467), (4481), (4482), (4483), (4484), (4491), (4492), (4493), (4494);
INSERT INTO QuestList Values (4496), (4501), (4502), (4503), (4504), (4507), (4508), (4509), (4510), (4511), (4512), (4513), (4561), (4621), (4642), (4661), (4761), (4762), (4763), (4770), (4821), (4865), (4906), (5062), (5088), (5150), (5155), (5156), (5157), (5158), (5159), (5165), (5202), (5203), (5204), (5242), (5261), (5385), (5481), (5482), (5541), (5545), (5882), (5883), (5884), (5885), (5886), (5887), (5888), (5889), (5890), (5891), (6162), (6221), (6361), (6362), (6363), (6364), (6365), (6384), (6385), (6386), (6627), (6628), (6761), (6762), (6844), (6845), (7201), (8460);
 
DROP TEMPORARY TABLE IF EXISTS PoolList;
CREATE TEMPORARY TABLE PoolList (Entry MEDIUMINT(8) UNSIGNED NOT NULL DEFAULT '0');
INSERT INTO PoolList Values (1000), (1022), (1039), (1040), (1041), (1042), (1043), (1044), (1045), (1046), (1094), (1100), (1103), (1116), (1669), (1815), (1846), (2263), (2264), (2265), (2266), (2267), (2268), (2269), (2270), (2271), (2272), (2273), (2274), (2275), (2276), (2277), (2278), (2279), (2280), (2281), (2282), (2311), (2312), (5545), (5546), (5547), (5548), (5549), (5551), (5554), (5556), (5558), (5561), (5562), (5563), (5564), (5565), (5567), (5568), (5569), (5570), (5571), (5572), (5573), (5574), (5576), (5577), (5578), (5579), (5580), (5581), (5582), (5585), (5586), (5587), (5588), (5589), (5593), (5594), (5595), (5596), (5597), (5599), (5602), (5603), (5604), (5605), (5606), (5607), (5608), (5609), (5610), (5611), (5613), (5615), (5618), (5619), (5620), (5621), (5622), (5623), (5624), (5625), (5626);
INSERT INTO PoolList Values (5630), (5631), (5632), (5633), (5634), (5635), (5636), (5637), (5638), (5639), (5641), (5646), (5647), (5648), (5650), (5651), (5652), (5653), (5948), (5949), (6500), (6501), (8392), (8396), (8497), (8574), (8575), (8579), (8580), (8581), (8582), (8587), (8588), (8589), (8593), (8594), (8595), (8599), (8600), (8601), (8820), (8824), (8825), (8829), (8833), (8834), (15006), (25611), (31188), (31189), (31190), (31191), (31192), (31193), (39933), (46301), (46302), (46303), (46304), (46305), (46306), (46307), (46308), (46309), (46310), (46311), (46312), (46313), (46314), (46315), (46316), (46317), (46318), (46319), (46320), (46321), (46322), (46323), (46324), (46325), (46326), (46327), (46328), (46329), (46330), (46351), (46352);
 
DROP TEMPORARY TABLE IF EXISTS SpawnGroupList;
CREATE TEMPORARY TABLE SpawnGroupList (Entry MEDIUMINT(8) UNSIGNED NOT NULL DEFAULT '0');
INSERT INTO SpawnGroupList Values (2), (149), (150), (151), (152), (153), (233), (234), (235), (236), (237), (238), (239), (240), (241), (242), (243), (244), (245), (246), (247), (248), (296), (297), (298), (299), (300), (301), (302), (303), (304), (305), (306), (307), (308), (309), (310), (311), (312), (313), (314), (315), (316), (317), (318), (319), (391), (392), (393), (394), (395), (396), (10030), (10031), (10032), (10033), (11076), (11077), (11078), (19030), (19895), (19990);
 
DROP TEMPORARY TABLE IF EXISTS ReferenceList;
CREATE TEMPORARY TABLE ReferenceList (Entry MEDIUMINT(8) UNSIGNED NOT NULL DEFAULT '0');
INSERT INTO ReferenceList Values (11000), (24092), (30010), (50498), (50551), (50603), (60192), (60193), (60194), (60195), (60196), (60197), (60198), (60199), (60266), (60268), (60269), (60270), (60271), (60272), (60273), (60274), (60275), (60276), (60290), (60324), (60326), (60328), (60329), (60330), (60331), (60332), (60333), (60334), (60335), (60336), (65174);
 
DROP TEMPORARY TABLE IF EXISTS GossipList;
CREATE TEMPORARY TABLE GossipList (Entry MEDIUMINT(8) UNSIGNED NOT NULL DEFAULT '0');
INSERT INTO GossipList Values (840), (841), (842), (880), (881), (882), (883), (884), (1163), (1164), (1181), (1182), (1183), (1184), (1185), (1321), (1322), (1323), (1324), (1465), (1541), (1561), (1562), (1563), (1564), (1565), (1625), (1661), (1662), (1663), (1664), (1665), (1666), (1822), (1823), (1824), (1825), (1826), (1827), (1828), (1829), (1830), (1841), (1844), (1941), (1943), (1944), (1945), (1946), (1947), (1948), (1962), (1963), (1966), (1970), (2063), (2081), (2101), (2177), (2178), (2179), (2180), (2181), (2182), (2184), (2186), (2187), (2188), (2201), (2202), (2203), (2204), (2205), (2207), (2208), (2211), (2283), (2361), (2404), (2405), (2421), (2422), (2423), (2424), (2561), (2852), (3074), (3128), (3129), (3142), (3501), (3621), (3622), (3625), (3626), (3841), (4067), (4090), (4244), (4324);
INSERT INTO GossipList Values (4325), (4341), (4605), (4694), (4763), (4764), (4922), (5101), (5102), (5103), (5502), (5503), (5541), (5630), (6800), (6801), (7058), (10438), (10900), (11159), (11618), (11827), (12202), (12662), (12663), (20023), (56003), (56004);
 
DROP TEMPORARY TABLE IF EXISTS SpellList;
CREATE TEMPORARY TABLE SpellList (Entry MEDIUMINT(8) UNSIGNED NOT NULL DEFAULT '0');
INSERT INTO SpellList Values (4141), (4941), (4943), (4982), (5665), (6298), (6310), (6405), (6605), (6626), (6630), (6636), (6724), (7759), (8348), (8397), (8747), (8764), (8765), (8766), (8767), (8770), (8771), (8797), (8798), (8802), (8803), (8804), (8805), (9147), (9149), (9152), (9154), (9198), (9212), (9308), (9317), (9330), (9336), (9712), (9806), (10003), (10004), (10007), (10008), (10009), (10010), (10015), (10016), (10368), (10618), (10621), (10629), (10630), (10631), (10632), (10633), (10650), (10652), (10697), (10838), (10842), (11339), (11342), (11345), (11348), (11356), (11358), (11361), (11399), (11400), (11401), (11452), (11522), (11923), (12069), (12088), (12112), (12129), (12168), (12534), (12594), (12595), (12624), (12634), (12635), (12653), (12717), (12718), (12758), (12769), (12770), (12780), (12897), (12910), (13049), (13143), (13478), (13484), (13578);
INSERT INTO SpellList Values (13598), (13618), (13630), (13655), (13656), (13657), (13658), (13665), (13869), (13898), (13904), (13982), (14008), (14027), (14209), (14210), (14227), (14250), (14254), (14537), (14806), (14814), (14827), (14828), (14847), (14891), (14929), (14930), (14931), (14932), (14933), (15033), (15048), (15049), (15118), (15119), (15229), (15231), (15233), (15235), (15239), (15252), (15276), (15279), (15283), (15292), (15293), (15294), (15297), (15298), (15301), (15340), (15342), (15343), (15344), (15366), (15389), (15391), (15394), (15397), (15400), (15402), (15404), (15406), (15438), (15444), (15446), (15449), (15458), (15465), (15466), (15491), (15494), (15591), (15596), (15597), (15600), (15602), (15604), (15627), (15628), (15633), (15634), (15635), (15646), (15695), (15698), (15699), (15700), (15701), (15804), (15805), (15915), (15933), (15956), (15972), (15973), (15974), (15975), (16031);
INSERT INTO SpellList Values (16072), (16073), (16077), (16414), (16433), (16454), (16470), (16559), (16739), (16996), (17148), (17152), (17155), (17161), (17447), (17528), (17551), (17552), (17553), (17554), (17560), (17561), (17565), (17566), (17567), (17581), (17582), (17583), (17584), (17589), (17590), (17594), (17595), (17712), (17713), (17768), (17868), (17878), (18060), (18061), (18062), (18063), (18064), (18065), (18066), (18076), (18079), (18086), (18087), (18104), (18186), (18201), (18212), (18239), (18241), (18250), (18251), (18252), (18815), (19949), (19950), (20008), (20009), (20012), (20014), (20024), (20039), (20040), (20065), (20067), (20068), (20069), (20070), (20071), (20072), (20219), (20220), (20221), (20222), (20327), (20401), (20428), (20434), (20626), (20628), (21029), (21363), (21475), (21913), (21915), (21943), (22734), (22854), (23075), (24935), (25664), (26030), (28328), (29501), (29502);
INSERT INTO SpellList Values (29625), (29626), (29635), (29639);
 
DROP TEMPORARY TABLE IF EXISTS ConditionsList;
CREATE TEMPORARY TABLE ConditionsList (Entry MEDIUMINT(8) UNSIGNED NOT NULL DEFAULT '0');
INSERT INTO ConditionsList Values (5), (6), (7), (12), (31), (51), (53), (54), (55), (64), (92), (96), (118), (119), (131), (132), (144), (148), (166), (169), (170), (178), (205), (216), (253), (254), (255), (263), (264), (265), (274), (276), (282), (300), (301), (302), (303), (304), (305), (332), (333), (844), (848), (919), (920), (948), (949), (950), (1009), (1010), (1098), (1099), (1125), (1145), (1146), (1148), (1149), (1518), (1519), (1520), (1521), (1522), (1523), (1607), (1608), (1609), (5024), (5025), (5027), (5028), (5030), (5031), (5032), (9042), (9043), (9044), (9904), (9905), (10994), (10995), (10996), (10998), (10999), (11000), (11001), (11002), (11003), (11004), (20224);
 
 
DROP TEMPORARY TABLE IF EXISTS ItemListClone;
CREATE TEMPORARY TABLE ItemListClone SELECT entry FROM ItemList;







SELECT * FROM creature_loot_template WHERE entry IN (SELECT entry FROM CreatureList) INTO OUTFILE "C:/mangos/run/Progression/DataSaved/Patch-12B_creature_loot_template.csv" fields terminated by ',' lines terminated by '\n';
SELECT * FROM creature_linking WHERE guid IN (SELECT guid FROM creature_spawn_entry WHERE entry IN (SELECT entry FROM CreatureList)) INTO OUTFILE "C:/mangos/run/Progression/DataSaved/Patch-12B_creature_linking_spawn_guid.csv" fields terminated by ',' lines terminated by '\n';
SELECT * FROM creature_movement WHERE id IN (SELECT guid FROM creature_spawn_entry WHERE entry IN (SELECT entry FROM CreatureList)) INTO OUTFILE "C:/mangos/run/Progression/DataSaved/Patch-12B_creature_movement_spawn_guid.csv" fields terminated by ',' lines terminated by '\n';
SELECT * FROM creature_addon WHERE guid IN (SELECT guid FROM creature_spawn_entry WHERE entry IN (SELECT entry FROM CreatureList)) INTO OUTFILE "C:/mangos/run/Progression/DataSaved/Patch-12B_creature_addon_spawn_guid.csv" fields terminated by ',' lines terminated by '\n';
SELECT * FROM creature_spawn_data WHERE guid IN (SELECT guid FROM creature WHERE id IN (SELECT entry FROM CreatureList))  INTO OUTFILE "C:/mangos/run/Progression/DataSaved/Patch-12B_creature_spawn_data.csv" fields terminated by ',' lines terminated by '\n';
SELECT * FROM creature_addon WHERE guid IN (SELECT guid FROM creature WHERE id IN (SELECT entry FROM CreatureList)) INTO OUTFILE "C:/mangos/run/Progression/DataSaved/Patch-12B_creature_addon.csv" fields terminated by ',' lines terminated by '\n';
SELECT * FROM creature_movement WHERE id IN (select guid from creature where id in (SELECT entry FROM CreatureList)) INTO OUTFILE "C:/mangos/run/Progression/DataSaved/Patch-12B_creature_movement.csv" fields terminated by ',' lines terminated by '\n';
SELECT * FROM creature_linking WHERE guid IN (SELECT guid FROM creature WHERE id IN (SELECT entry FROM CreatureList)) INTO OUTFILE "C:/mangos/run/Progression/DataSaved/Patch-12B_creature_linking.csv" fields terminated by ',' lines terminated by '\n';
SELECT * FROM game_event_creature WHERE guid in (SELECT a.guid FROM (SELECT guid FROM creature WHERE id IN (SELECT entry FROM CreatureList)) as a) INTO OUTFILE "C:/mangos/run/Progression/DataSaved/Patch-12B_game_event_creature_guid.csv" fields terminated by ',' lines terminated by '\n';
SELECT * FROM npc_gossip WHERE npc_guid IN (SELECT guid FROM creature WHERE id IN (SELECT entry FROM CreatureList))  INTO OUTFILE "C:/mangos/run/Progression/DataSaved/Patch-12B_npc_gossip_guid.csv" fields terminated by ',' lines terminated by '\n';
SELECT * FROM creature_ai_scripts WHERE  -creature_id IN (SELECT guid FROM creature WHERE id IN (SELECT entry FROM CreatureList)) INTO OUTFILE "C:/mangos/run/Progression/DataSaved/Patch-12B_creature_ai_scripts_guid.csv" fields terminated by ',' lines terminated by '\n';
SELECT * FROM dbscripts_on_creature_movement WHERE floor(id/100) IN (SELECT guid FROM creature WHERE id IN (SELECT entry FROM CreatureList)) AND not exists(SELECT entry FROM creature_template WHERE entry = FLOOR(id/100)) INTO OUTFILE "C:/mangos/run/Progression/DataSaved/Patch-12B_dbscripts_on_creature_movement_guid.csv" fields terminated by ',' lines terminated by '\n';
SELECT * FROM game_event_creature_data WHERE guid IN (SELECT guid FROM creature WHERE id IN (SELECT entry FROM CreatureList)) INTO OUTFILE "C:/mangos/run/Progression/DataSaved/Patch-12B_game_event_creature_data_guid_cre.csv" fields terminated by ',' lines terminated by '\n';
SELECT * FROM creature WHERE guid IN (SELECT guid FROM creature_spawn_entry WHERE entry IN (SELECT entry FROM CreatureList)) and id = 0 INTO OUTFILE "C:/mangos/run/Progression/DataSaved/Patch-12B_creature_spawn_guid.csv" fields terminated by ',' lines terminated by '\n';
SELECT * FROM creature_spawn_entry WHERE entry IN (SELECT entry FROM CreatureList) INTO OUTFILE "C:/mangos/run/Progression/DataSaved/Patch-12B_creature_spawn_entry.csv" fields terminated by ',' lines terminated by '\n';
SELECT * FROM creature_onkill_reputation WHERE creature_id IN (SELECT entry FROM CreatureList) INTO OUTFILE "C:/mangos/run/Progression/DataSaved/Patch-12B_creature_onkill_reputation.csv" fields terminated by ',' lines terminated by '\n';
SELECT * FROM creature_spell_list WHERE floor(id/100) in (SELECT entry FROM CreatureList) INTO OUTFILE "C:/mangos/run/Progression/DataSaved/Patch-12B_creature_spell_list.csv" fields terminated by ',' lines terminated by '\n';
SELECT * FROM creature_template_spells WHERE entry IN (SELECT entry FROM CreatureList) INTO OUTFILE "C:/mangos/run/Progression/DataSaved/Patch-12B_creature_template_spells.csv" fields terminated by ',' lines terminated by '\n';
SELECT * FROM creature_linking_template WHERE entry IN (SELECT entry FROM CreatureList) INTO OUTFILE "C:/mangos/run/Progression/DataSaved/Patch-12B_creature_linking_template.csv" fields terminated by ',' lines terminated by '\n';
SELECT * FROM creature_movement_template WHERE entry IN (SELECT entry FROM CreatureList) INTO OUTFILE "C:/mangos/run/Progression/DataSaved/Patch-12B_creature_movement_template.csv" fields terminated by ',' lines terminated by '\n';
SELECT * FROM creature_equip_template WHERE entry IN (SELECT entry FROM CreatureList) INTO OUTFILE "C:/mangos/run/Progression/DataSaved/Patch-12B_creature_equip_template.csv" fields terminated by ',' lines terminated by '\n';
SELECT * FROM creature_immunities WHERE entry IN (SELECT entry FROM CreatureList) INTO OUTFILE "C:/mangos/run/Progression/DataSaved/Patch-12B_creature_immunities.csv" fields terminated by ',' lines terminated by '\n';
SELECT * FROM creature_template_addon WHERE entry IN (SELECT entry FROM CreatureList) INTO OUTFILE "C:/mangos/run/Progression/DataSaved/Patch-12B_creature_template_addon.csv" fields terminated by ',' lines terminated by '\n';
SELECT * FROM creature_template_armor WHERE entry IN (SELECT entry FROM CreatureList) INTO OUTFILE "C:/mangos/run/Progression/DataSaved/Patch-12B_creature_template_armor.csv" fields terminated by ',' lines terminated by '\n';
SELECT * FROM creature_template WHERE entry IN (SELECT entry FROM CreatureList) INTO OUTFILE "C:/mangos/run/Progression/DataSaved/Patch-12B_creature_template.csv" fields terminated by ',' lines terminated by '\n';
SELECT * FROM creature WHERE id IN (SELECT entry FROM CreatureList) INTO OUTFILE "C:/mangos/run/Progression/DataSaved/Patch-12B_creature.csv" fields terminated by ',' lines terminated by '\n';
SELECT * FROM spell_script_target WHERE targetentry IN (SELECT entry FROM CreatureList) and type in (1, 2) INTO OUTFILE "C:/mangos/run/Progression/DataSaved/Patch-12B_spell_script_target_cre.csv" fields terminated by ',' lines terminated by '\n';
SELECT * FROM creature_ai_scripts WHERE creature_id IN (SELECT entry FROM CreatureList) INTO OUTFILE "C:/mangos/run/Progression/DataSaved/Patch-12B_creature_ai_scripts_id.csv" fields terminated by ',' lines terminated by '\n';
SELECT * FROM creature_ai_scripts WHERE floor(id/100) IN (SELECT entry FROM CreatureList) INTO OUTFILE "C:/mangos/run/Progression/DataSaved/Patch-12B_creature_ai_scripts.csv" fields terminated by ',' lines terminated by '\n';
SELECT * FROM skinning_loot_template WHERE entry IN (SELECT entry FROM CreatureList) INTO OUTFILE "C:/mangos/run/Progression/DataSaved/Patch-12B_skinning_loot_template.csv" fields terminated by ',' lines terminated by '\n';
SELECT * FROM pickpocketing_loot_template WHERE entry IN (SELECT entry FROM CreatureList) INTO OUTFILE "C:/mangos/run/Progression/DataSaved/Patch-12B_pickpocketing_loot_template.csv" fields terminated by ',' lines terminated by '\n';
SELECT * FROM dbscripts_on_creature_movement WHERE floor(id/100) IN (SELECT entry FROM CreatureList) INTO OUTFILE "C:/mangos/run/Progression/DataSaved/Patch-12B_dbscripts_on_creature_movement.csv" fields terminated by ',' lines terminated by '\n';
SELECT * FROM dbscripts_on_creature_death WHERE id IN (SELECT entry FROM CreatureList) INTO OUTFILE "C:/mangos/run/Progression/DataSaved/Patch-12B_dbscripts_on_creature_death.csv" fields terminated by ',' lines terminated by '\n';
SELECT * FROM npc_trainer WHERE entry IN (SELECT entry FROM CreatureList) INTO OUTFILE "C:/mangos/run/Progression/DataSaved/Patch-12B_npc_trainer.csv" fields terminated by ',' lines terminated by '\n';
SELECT * FROM npc_vendor WHERE entry IN (SELECT entry FROM CreatureList) INTO OUTFILE "C:/mangos/run/Progression/DataSaved/Patch-12B_npc_vendor.csv" fields terminated by ',' lines terminated by '\n';
SELECT * FROM questgiver_greeting WHERE entry IN (SELECT entry FROM CreatureList) INTO OUTFILE "C:/mangos/run/Progression/DataSaved/Patch-12B_questgiver_greeting.csv" fields terminated by ',' lines terminated by '\n';
SELECT * FROM trainer_greeting WHERE entry IN (SELECT entry FROM CreatureList) INTO OUTFILE "C:/mangos/run/Progression/DataSaved/Patch-12B_trainer_greeting.csv" fields terminated by ',' lines terminated by '\n';
SELECT * FROM instance_encounters WHERE creditentry IN (SELECT entry FROM CreatureList) INTO OUTFILE "C:/mangos/run/Progression/DataSaved/Patch-12B_instance_encounters.csv" fields terminated by ',' lines terminated by '\n';
SELECT * FROM dbscripts_on_event WHERE id IN (SELECT temporarytable.id FROM (select id from dbscripts_on_event where datalong IN (SELECT entry FROM CreatureList) and command in (8, 10, 31)) temporarytable) INTO OUTFILE "C:/mangos/run/Progression/DataSaved/Patch-12B_dbscripts_on_event_cre.csv" fields terminated by ',' lines terminated by '\n';
SELECT * FROM script_waypoint WHERE entry IN (SELECT entry FROM CreatureList) INTO OUTFILE "C:/mangos/run/Progression/DataSaved/Patch-12B_script_waypoint.csv" fields terminated by ',' lines terminated by '\n';
SELECT * FROM pet_levelstats WHERE creature_entry IN (SELECT entry FROM CreatureList) INTO OUTFILE "C:/mangos/run/Progression/DataSaved/Patch-12B_pet_levelstats.csv" fields terminated by ',' lines terminated by '\n';


SELECT * FROM game_event_gameobject WHERE guid in (SELECT a.guid FROM (SELECT guid FROM gameobject WHERE id IN (SELECT entry FROM ObjectList)) as a) INTO OUTFILE "C:/mangos/run/Progression/DataSaved/Patch-12B_game_event_gameobject_guid.csv" fields terminated by ',' lines terminated by '\n';
SELECT * FROM gameobject WHERE guid in (Select guid FROM gameobject_spawn_entry WHERE entry IN (SELECT entry FROM ObjectList)) and id = 0 INTO OUTFILE "C:/mangos/run/Progression/DataSaved/Patch-12B_gameobject_guid.csv" fields terminated by ',' lines terminated by '\n';
SELECT * FROM gameobject_spawn_entry WHERE entry IN (SELECT entry FROM ObjectList) INTO OUTFILE "C:/mangos/run/Progression/DataSaved/Patch-12B_gameobject_spawn_entry.csv" fields terminated by ',' lines terminated by '\n';
SELECT * FROM gameobject_addon WHERE guid IN (SELECT guid FROM gameobject WHERE id IN (SELECT entry FROM ObjectList)) INTO OUTFILE "C:/mangos/run/Progression/DataSaved/Patch-12B_gameobject_addon.csv" fields terminated by ',' lines terminated by '\n';
SELECT * FROM gameobject_template WHERE entry IN (SELECT entry FROM ObjectList) INTO OUTFILE "C:/mangos/run/Progression/DataSaved/Patch-12B_gameobject_template.csv" fields terminated by ',' lines terminated by '\n';
SELECT * FROM dbscripts_on_go_use WHERE id IN (SELECT guid FROM gameobject WHERE id IN (SELECT entry FROM ObjectList)) INTO OUTFILE "C:/mangos/run/Progression/DataSaved/Patch-12B_dbscripts_on_go_use_guid.csv" fields terminated by ',' lines terminated by '\n';
SELECT * FROM gameobject WHERE id IN (SELECT entry FROM ObjectList) INTO OUTFILE "C:/mangos/run/Progression/DataSaved/Patch-12B_gameobject.csv" fields terminated by ',' lines terminated by '\n';
SELECT * FROM spell_script_target WHERE targetentry IN (SELECT entry FROM ObjectList) AND TYPE = 0 INTO OUTFILE "C:/mangos/run/Progression/DataSaved/Patch-12B_spell_script_target_obj.csv" fields terminated by ',' lines terminated by '\n';
SELECT * FROM dbscripts_on_go_template_use WHERE id IN (SELECT entry FROM ObjectList)  INTO OUTFILE "C:/mangos/run/Progression/DataSaved/Patch-12B_dbscripts_on_go_template_use.csv" fields terminated by ',' lines terminated by '\n';


SELECT * FROM item_template WHERE entry IN (SELECT entry FROM ItemList) INTO OUTFILE "C:/mangos/run/Progression/DataSaved/Patch-12B_item_template.csv" fields terminated by ',' lines terminated by '\n';
SELECT * FROM item_loot_template WHERE entry IN (SELECT entry FROM ItemList) INTO OUTFILE "C:/mangos/run/Progression/DataSaved/Patch-12B_item_loot_template.csv" fields terminated by ',' lines terminated by '\n';
SELECT * FROM item_required_target WHERE entry in (SELECT entry FROM ItemList) INTO OUTFILE "C:/mangos/run/Progression/DataSaved/Patch-12B_item_required_target.csv" fields terminated by ',' lines terminated by '\n';
SELECT * FROM fishing_loot_template WHERE item IN (SELECT entry FROM ItemList) INTO OUTFILE "C:/mangos/run/Progression/DataSaved/Patch-12B_fishing_loot_template_item.csv" fields terminated by ',' lines terminated by '\n';
SELECT * FROM skinning_loot_template WHERE item IN (SELECT entry FROM ItemList) and entry not IN (SELECT entry FROM CreatureList) INTO OUTFILE "C:/mangos/run/Progression/DataSaved/Patch-12B_skinning_loot_template_item.csv" fields terminated by ',' lines terminated by '\n';
SELECT * FROM gameobject_loot_template WHERE item IN (SELECT entry FROM ItemList) INTO OUTFILE "C:/mangos/run/Progression/DataSaved/Patch-12B_gameobject_loot_template_item.csv" fields terminated by ',' lines terminated by '\n';
SELECT * FROM npc_vendor WHERE item IN (SELECT entry FROM ItemList) and entry not IN (SELECT entry FROM CreatureList) INTO OUTFILE "C:/mangos/run/Progression/DataSaved/Patch-12B_npc_vendor_item.csv" fields terminated by ',' lines terminated by '\n';
SELECT * FROM npc_vendor_template WHERE item IN (SELECT entry FROM ItemList) INTO OUTFILE "C:/mangos/run/Progression/DataSaved/Patch-12B_npc_vendor_template_item.csv" fields terminated by ',' lines terminated by '\n';
SELECT * FROM pickpocketing_loot_template WHERE item IN (SELECT entry FROM ItemList) and entry not IN (SELECT entry FROM CreatureList) INTO OUTFILE "C:/mangos/run/Progression/DataSaved/Patch-12B_pickpocketing_loot_template_item.csv" fields terminated by ',' lines terminated by '\n';
SELECT * FROM item_loot_template WHERE item IN (SELECT entry FROM ItemList) INTO OUTFILE "C:/mangos/run/Progression/DataSaved/Patch-12B_item_loot_template_item.csv" fields terminated by ',' lines terminated by '\n';
SELECT * FROM mail_loot_template WHERE item IN (SELECT entry FROM ItemList) INTO OUTFILE "C:/mangos/run/Progression/DataSaved/Patch-12B_mail_loot_template_item.csv" fields terminated by ',' lines terminated by '\n';
SELECT * FROM reference_loot_template WHERE item IN (SELECT entry FROM ItemList) INTO OUTFILE "C:/mangos/run/Progression/DataSaved/Patch-12B_reference_loot_template_item.csv" fields terminated by ',' lines terminated by '\n';
SELECT * FROM creature_loot_template WHERE item IN (SELECT entry FROM ItemList) and  -mincountorref not IN (SELECT entry FROM ReferenceList) and entry not IN (SELECT entry FROM CreatureList) INTO OUTFILE "C:/mangos/run/Progression/DataSaved/Patch-12B_creature_loot_template_item.csv" fields terminated by ',' lines terminated by '\n';
SELECT * FROM disenchant_loot_template WHERE item IN (SELECT entry FROM ItemList) INTO OUTFILE "C:/mangos/run/Progression/DataSaved/Patch-12B_disenchant_loot_template_item.csv" fields terminated by ',' lines terminated by '\n';


SELECT * FROM quest_template WHERE entry IN (SELECT entry FROM QuestList) INTO OUTFILE "C:/mangos/run/Progression/DataSaved/Patch-12B_quest_template.csv" fields terminated by ',' lines terminated by '\n';
SELECT * FROM creature_involvedrelation WHERE quest IN (SELECT entry FROM QuestList) INTO OUTFILE "C:/mangos/run/Progression/DataSaved/Patch-12B_creature_involvedrelation.csv" fields terminated by ',' lines terminated by '\n';
SELECT * FROM creature_questrelation WHERE quest IN (SELECT entry FROM QuestList) INTO OUTFILE "C:/mangos/run/Progression/DataSaved/Patch-12B_creature_questrelation.csv" fields terminated by ',' lines terminated by '\n';
SELECT * FROM gameobject_involvedrelation WHERE quest IN (SELECT entry FROM QuestList) INTO OUTFILE "C:/mangos/run/Progression/DataSaved/Patch-12B_gameobject_involvedrelation.csv" fields terminated by ',' lines terminated by '\n';
SELECT * FROM gameobject_questrelation WHERE quest IN (SELECT entry FROM QuestList) INTO OUTFILE "C:/mangos/run/Progression/DataSaved/Patch-12B_gameobject_questrelation.csv" fields terminated by ',' lines terminated by '\n';
SELECT * FROM dbscripts_on_quest_start WHERE id IN (SELECT entry FROM QuestList)  INTO OUTFILE "C:/mangos/run/Progression/DataSaved/Patch-12B_dbscripts_on_quest_start.csv" fields terminated by ',' lines terminated by '\n';
SELECT * FROM dbscripts_on_quest_end WHERE id IN (SELECT entry FROM QuestList)  INTO OUTFILE "C:/mangos/run/Progression/DataSaved/Patch-12B_dbscripts_on_quest_end.csv" fields terminated by ',' lines terminated by '\n';
SELECT * FROM areatrigger_involvedrelation WHERE quest IN (SELECT entry FROM QuestList) INTO OUTFILE "C:/mangos/run/Progression/DataSaved/Patch-12B_areatrigger_involvedrelation.csv" fields terminated by ',' lines terminated by '\n';
SELECT * FROM game_event_quest WHERE quest IN (SELECT entry FROM QuestList) INTO OUTFILE "C:/mangos/run/Progression/DataSaved/Patch-12B_game_event_quest_quest.csv" fields terminated by ',' lines terminated by '\n';


SELECT * FROM creature WHERE guid IN (SELECT guid FROM spawn_group_spawn WHERE id IN (SELECT id FROM spawn_group where id IN (SELECT entry FROM SpawnGroupList) AND TYPE = 0)) AND id = 0 INTO OUTFILE "C:/mangos/run/Progression/DataSaved/Patch-12B_creature_spawn.csv" fields terminated by ',' lines terminated by '\n';
SELECT * FROM gameobject WHERE guid IN (SELECT guid FROM spawn_group_spawn WHERE id IN (SELECT id FROM spawn_group where id IN (SELECT entry FROM SpawnGroupList) AND TYPE = 1)) AND id = 0 INTO OUTFILE "C:/mangos/run/Progression/DataSaved/Patch-12B_gameobject_spawn.csv" fields terminated by ',' lines terminated by '\n';
SELECT * FROM creature_movement WHERE id IN (SELECT guid FROM spawn_group_spawn WHERE id IN (SELECT id FROM spawn_group where id IN (SELECT entry FROM SpawnGroupList) AND TYPE = 0)) INTO OUTFILE "C:/mangos/run/Progression/DataSaved/Patch-12B_creature_movement_spawn.csv" fields terminated by ',' lines terminated by '\n';
SELECT * FROM spawn_group_formation WHERE id in (SELECT entry FROM SpawnGroupList) INTO OUTFILE "C:/mangos/run/Progression/DataSaved/Patch-12B_spawn_group_formation.csv" fields terminated by ',' lines terminated by '\n';
SELECT * FROM spawn_group_entry WHERE id in (SELECT entry FROM SpawnGroupList) INTO OUTFILE "C:/mangos/run/Progression/DataSaved/Patch-12B_spawn_group_entry.csv" fields terminated by ',' lines terminated by '\n';
SELECT * FROM spawn_group_spawn WHERE id in (SELECT entry FROM SpawnGroupList) INTO OUTFILE "C:/mangos/run/Progression/DataSaved/Patch-12B_spawn_group_spawn.csv" fields terminated by ',' lines terminated by '\n';
SELECT * FROM spawn_group WHERE id in (SELECT entry FROM SpawnGroupList) INTO OUTFILE "C:/mangos/run/Progression/DataSaved/Patch-12B_spawn_group.csv" fields terminated by ',' lines terminated by '\n';
SELECT * FROM spawn_group_linked_group WHERE id in (SELECT entry FROM SpawnGroupList) INTO OUTFILE "C:/mangos/run/Progression/DataSaved/Patch-12B_spawn_group_linked_group.csv" fields terminated by ',' lines terminated by '\n';


SELECT * FROM reference_loot_template_names WHERE entry IN (SELECT entry FROM ReferenceList)  INTO OUTFILE "C:/mangos/run/Progression/DataSaved/Patch-12B_reference_loot_template_names.csv" fields terminated by ',' lines terminated by '\n';
SELECT * FROM reference_loot_template WHERE entry IN (SELECT entry FROM ReferenceList) and item not IN (SELECT entry FROM ItemList) INTO OUTFILE "C:/mangos/run/Progression/DataSaved/Patch-12B_reference_loot_template.csv" fields terminated by ',' lines terminated by '\n';
SELECT * FROM gameobject_loot_template WHERE  -mincountorref IN (SELECT entry FROM ReferenceList) and item not IN (SELECT entry FROM ItemList) INTO OUTFILE "C:/mangos/run/Progression/DataSaved/Patch-12B_gameobject_loot_template_ref.csv" fields terminated by ',' lines terminated by '\n';
SELECT * FROM creature_loot_template WHERE  -mincountorref IN (SELECT entry FROM ReferenceList) and entry not IN (SELECT entry FROM CreatureList) INTO OUTFILE "C:/mangos/run/Progression/DataSaved/Patch-12B_creature_loot_template_ref.csv" fields terminated by ',' lines terminated by '\n';
SELECT * FROM fishing_loot_template WHERE  -mincountorref IN (SELECT entry FROM ReferenceList) INTO OUTFILE "C:/mangos/run/Progression/DataSaved/Patch-12B_fishing_loot_template_ref.csv" fields terminated by ',' lines terminated by '\n';


SELECT * FROM gossip_menu WHERE entry IN (SELECT entry FROM GossipList) INTO OUTFILE "C:/mangos/run/Progression/DataSaved/Patch-12B_gossip_menu.csv" fields terminated by ',' lines terminated by '\n';
SELECT * FROM gossip_menu_option WHERE menu_id IN (SELECT entry FROM GossipList) INTO OUTFILE "C:/mangos/run/Progression/DataSaved/Patch-12B_gossip_menu_option.csv" fields terminated by ',' lines terminated by '\n';
SELECT * FROM gossip_menu_option WHERE action_menu_id IN (SELECT entry FROM GossipList) INTO OUTFILE "C:/mangos/run/Progression/DataSaved/Patch-12B_gossip_menu_option_id.csv" fields terminated by ',' lines terminated by '\n';
SELECT * FROM dbscripts_on_gossip WHERE floor(id/100) IN (SELECT entry FROM GossipList) INTO OUTFILE "C:/mangos/run/Progression/DataSaved/Patch-12B_dbscripts_on_gossip.csv" fields terminated by ',' lines terminated by '\n';
SELECT * FROM dbscripts_on_gossip WHERE id IN (SELECT entry FROM GossipList) INTO OUTFILE "C:/mangos/run/Progression/DataSaved/Patch-12B_dbscripts_on_gossip_id.csv" fields terminated by ',' lines terminated by '\n';


SELECT * FROM npc_trainer WHERE spell IN (SELECT entry FROM SpellList) INTO OUTFILE "C:/mangos/run/Progression/DataSaved/Patch-12B_npc_trainer_spell.csv" fields terminated by ',' lines terminated by '\n';
SELECT * FROM spell_template WHERE id IN (SELECT entry FROM SpellList) INTO OUTFILE "C:/mangos/run/Progression/DataSaved/Patch-12B_spell_template.csv" fields terminated by ',' lines terminated by '\n';
SELECT * FROM spell_scripts WHERE id IN (SELECT entry FROM SpellList) INTO OUTFILE "C:/mangos/run/Progression/DataSaved/Patch-12B_spell_scripts.csv" fields terminated by ',' lines terminated by '\n';
SELECT * FROM dbscripts_on_spell WHERE id IN (SELECT entry FROM SpellList) INTO OUTFILE "C:/mangos/run/Progression/DataSaved/Patch-12B_dbscripts_on_spell.csv" fields terminated by ',' lines terminated by '\n';
SELECT * FROM spell_elixir WHERE entry IN (SELECT entry FROM SpellList) INTO OUTFILE "C:/mangos/run/Progression/DataSaved/Patch-12B_spell_elixir.csv" fields terminated by ',' lines terminated by '\n';
SELECT * FROM spell_facing WHERE entry IN (SELECT entry FROM SpellList) INTO OUTFILE "C:/mangos/run/Progression/DataSaved/Patch-12B_spell_facing.csv" fields terminated by ',' lines terminated by '\n';
SELECT * FROM spell_proc_event WHERE entry IN (SELECT entry FROM SpellList) INTO OUTFILE "C:/mangos/run/Progression/DataSaved/Patch-12B_spell_proc_event.csv" fields terminated by ',' lines terminated by '\n';
SELECT * FROM spell_area WHERE spell IN (SELECT entry FROM SpellList) INTO OUTFILE "C:/mangos/run/Progression/DataSaved/Patch-12B_spell_area.csv" fields terminated by ',' lines terminated by '\n';
SELECT * FROM spell_target_position WHERE id IN (SELECT entry FROM SpellList) INTO OUTFILE "C:/mangos/run/Progression/DataSaved/Patch-12B_spell_target_position.csv" fields terminated by ',' lines terminated by '\n';
SELECT * FROM spell_affect WHERE entry IN (SELECT entry FROM SpellList) INTO OUTFILE "C:/mangos/run/Progression/DataSaved/Patch-12B_spell_affect.csv" fields terminated by ',' lines terminated by '\n';
SELECT * FROM spell_script_target WHERE entry IN (SELECT entry FROM SpellList) INTO OUTFILE "C:/mangos/run/Progression/DataSaved/Patch-12B_spell_script_target.csv" fields terminated by ',' lines terminated by '\n';
SELECT * FROM npc_trainer_template WHERE spell IN (SELECT entry FROM SpellList) INTO OUTFILE "C:/mangos/run/Progression/DataSaved/Patch-12B_npc_trainer_template.csv" fields terminated by ',' lines terminated by '\n';
SELECT * FROM spell_chain WHERE spell_id IN (SELECT entry FROM SpellList) INTO OUTFILE "C:/mangos/run/Progression/DataSaved/Patch-12B_spell_chain.csv" fields terminated by ',' lines terminated by '\n';
SELECT * FROM spell_learn_spell WHERE entry IN (SELECT entry FROM SpellList) INTO OUTFILE "C:/mangos/run/Progression/DataSaved/Patch-12B_spell_learn_spell.csv" fields terminated by ',' lines terminated by '\n';
SELECT * FROM spell_group_spell WHERE spellid IN (SELECT entry FROM SpellList) INTO OUTFILE "C:/mangos/run/Progression/DataSaved/Patch-12B_spell_group_spell.csv" fields terminated by ',' lines terminated by '\n';


SELECT * FROM pool_template WHERE entry IN (SELECT entry FROM PoolList) INTO OUTFILE "C:/mangos/run/Progression/DataSaved/Patch-12B_pool_template.csv" fields terminated by ',' lines terminated by '\n';
SELECT * FROM pool_pool WHERE mother_pool IN (SELECT entry FROM PoolList) INTO OUTFILE "C:/mangos/run/Progression/DataSaved/Patch-12B_pool_pool_mother.csv" fields terminated by ',' lines terminated by '\n';
SELECT * FROM pool_pool WHERE pool_id IN (SELECT entry FROM PoolList) INTO OUTFILE "C:/mangos/run/Progression/DataSaved/Patch-12B_pool_pool_id.csv" fields terminated by ',' lines terminated by '\n';
SELECT * FROM pool_creature WHERE pool_entry IN (SELECT entry FROM PoolList) INTO OUTFILE "C:/mangos/run/Progression/DataSaved/Patch-12B_pool_creature.csv" fields terminated by ',' lines terminated by '\n';
SELECT * FROM pool_creature_template WHERE pool_entry IN (SELECT entry FROM PoolList) INTO OUTFILE "C:/mangos/run/Progression/DataSaved/Patch-12B_pool_creature_template.csv" fields terminated by ',' lines terminated by '\n';
SELECT * FROM pool_gameobject WHERE pool_entry IN (SELECT entry FROM PoolList) INTO OUTFILE "C:/mangos/run/Progression/DataSaved/Patch-12B_pool_gameobject.csv" fields terminated by ',' lines terminated by '\n';
SELECT * FROM pool_gameobject_template WHERE pool_entry IN (SELECT entry FROM PoolList) INTO OUTFILE "C:/mangos/run/Progression/DataSaved/Patch-12B_pool_gameobject_template.csv" fields terminated by ',' lines terminated by '\n';


SELECT * FROM conditions WHERE condition_entry in (SELECT entry FROM ConditionsList) INTO OUTFILE "C:/mangos/run/Progression/DataSaved/Patch-12B_conditions.csv" fields terminated by ',' lines terminated by '\n';

/*Clearing Map Creature*/
SELECT * FROM spawn_group_formation where id in (SELECT id FROM spawn_group_spawn WHERE guid IN (Select guid from creature where map in (230) AND ID = 0)) INTO OUTFILE "C:/mangos/run/Progression/DataSaved/Patch-12B_MapSpawnGroupFormation.csv" fields terminated by ',' lines terminated by '\n';
SELECT * FROM spawn_group where id in (SELECT id FROM spawn_group_spawn WHERE guid IN (Select guid from creature where map in (230) AND ID = 0)) AND TYPE = 0 INTO OUTFILE "C:/mangos/run/Progression/DataSaved/Patch-12B_MapSpawnGroup_cre.csv" fields terminated by ',' lines terminated by '\n';
SELECT * FROM spawn_group_spawn WHERE guid IN (Select guid from creature where map in (230) AND ID = 0) INTO OUTFILE "C:/mangos/run/Progression/DataSaved/Patch-12B_MapSpawnGroupSpawn_cre.csv" fields terminated by ',' lines terminated by '\n';
SELECT * FROM creature_spawn_entry WHERE guid IN (Select guid from creature where map in (230) AND ID = 0) INTO OUTFILE "C:/mangos/run/Progression/DataSaved/Patch-12B_MapCreatureSpawnEntry.csv" fields terminated by ',' lines terminated by '\n';
SELECT * FROM creature_movement WHERE id IN (Select guid from creature where map in (230) AND ID = 0) INTO OUTFILE "C:/mangos/run/Progression/DataSaved/Patch-12B_MapCreatureMovement.csv" fields terminated by ',' lines terminated by '\n';
SELECT * FROM creature_linking WHERE guid IN (Select guid from creature where map in (230) AND ID = 0) INTO OUTFILE "C:/mangos/run/Progression/DataSaved/Patch-12B_MapCreatureLinking.csv" fields terminated by ',' lines terminated by '\n';
SELECT * FROM pool_template WHERE entry IN (SELECT pool_entry FROM pool_creature WHERE guid IN (Select guid from creature where map in (230) AND ID = 0)) INTO OUTFILE "C:/mangos/run/Progression/DataSaved/Patch-12B_MapPoolTemplate_cre.csv" fields terminated by ',' lines terminated by '\n';
SELECT * FROM pool_creature WHERE guid IN (Select guid from creature where map in (230) AND ID = 0) INTO OUTFILE "C:/mangos/run/Progression/DataSaved/Patch-12B_MapPoolCreature.csv" fields terminated by ',' lines terminated by '\n';
SELECT * FROM creature_addon WHERE guid IN (Select guid from creature where map in (230) AND ID = 0) INTO OUTFILE "C:/mangos/run/Progression/DataSaved/Patch-12B_MapCreatureAddon.csv" fields terminated by ',' lines terminated by '\n';
Select * from creature where map in (230) AND ID = 0 INTO OUTFILE "C:/mangos/run/Progression/DataSaved/Patch-12B_MapCreature.csv" fields terminated by ',' lines terminated by '\n';
/*Clearing Map Gameobject*/
SELECT * FROM spawn_group where id in (SELECT id FROM spawn_group_spawn WHERE guid IN (Select guid from gameobject where map in (230) AND ID = 0)) AND TYPE = 1 INTO OUTFILE "C:/mangos/run/Progression/DataSaved/Patch-12B_MapSpawnGroup_obj.csv" fields terminated by ',' lines terminated by '\n';
SELECT * FROM spawn_group_spawn WHERE guid IN (Select guid from gameobject where map in (230) AND ID = 0) INTO OUTFILE "C:/mangos/run/Progression/DataSaved/Patch-12B_MapSpawnGroupSpawn_obj.csv" fields terminated by ',' lines terminated by '\n';
SELECT * FROM gameobject_spawn_entry WHERE guid IN (Select guid from gameobject where map in (230) AND ID = 0) INTO OUTFILE "C:/mangos/run/Progression/DataSaved/Patch-12B_MapGameobjectSpawnEntry.csv" fields terminated by ',' lines terminated by '\n';
SELECT * FROM pool_template WHERE entry IN (SELECT pool_entry FROM pool_gameobject WHERE guid IN (Select guid from gameobject where map in (230) AND ID = 0)) INTO OUTFILE "C:/mangos/run/Progression/DataSaved/Patch-12B_MapPoolTemplate_obj.csv" fields terminated by ',' lines terminated by '\n';
SELECT * FROM pool_gameobject WHERE guid IN (Select guid from gameobject where map in (230) AND ID = 0) INTO OUTFILE "C:/mangos/run/Progression/DataSaved/Patch-12B_MapPoolGameobject.csv" fields terminated by ',' lines terminated by '\n';
SELECT * FROM gameobject_addon WHERE guid IN (Select guid from gameobject where map in (230) AND ID = 0) INTO OUTFILE "C:/mangos/run/Progression/DataSaved/Patch-12B_MapGameobjectAddon.csv" fields terminated by ',' lines terminated by '\n';
Select * from gameobject where map in (230) AND ID = 0 INTO OUTFILE "C:/mangos/run/Progression/DataSaved/Patch-12B_MapGameobject.csv" fields terminated by ',' lines terminated by '\n';





/*areatrigger_teleport*/
SELECT * FROM areatrigger_teleport WHERE id IN (1466, 1472) INTO OUTFILE "c:/mangos/run/Progression/DataSaved/Patch-12B_areatrigger_teleport.csv" fields terminated by ',' lines terminated by '\n';


/*transports*/
SELECT * FROM transports WHERE entry IN (20808, 164871, 175080, 176495) INTO OUTFILE "c:/mangos/run/Progression/DataSaved/Patch-12B_transports.csv" fields terminated by ',' lines terminated by '\n';


/*pet_levelstats*/
-- SELECT * FROM pet_levelstats WHERE creature_entry = 329 INTO OUTFILE "c:/mangos/run/Progression/DataSaved/Patch-12B_pet_levelstats_329.csv" fields terminated by ',' lines terminated by '\n';



/*gameobject_loot_template*/
-- SELECT * FROM gameobject_loot_template WHERE entry IN (11103, 11213, 11281, 11282, 13961, 13965, 13966, 13970) INTO OUTFILE "c:/mangos/run/Progression/DataSaved/Patch-12B_gameobject_loot_template_custom.csv" fields terminated by ',' lines terminated by '\n';
SELECT * FROM gameobject_loot_template WHERE entry IN (2971, 11103, 11213, 13961, 13965, 13966, 13970) INTO OUTFILE "c:/mangos/run/Progression/DataSaved/Patch-12B_gameobject_loot_template_custom.csv" fields terminated by ',' lines terminated by '\n';


/*waypoint_path*/
SELECT * FROM waypoint_path WHERE pathid IN (2, 10, 3693, 8284, 11016) INTO OUTFILE "c:/mangos/run/Progression/DataSaved/Patch-12B_waypoint_path_custom.csv" fields terminated by ',' lines terminated by '\n';
/*waypoint_path_name*/
SELECT * FROM waypoint_path_name WHERE pathid IN (2, 10, 3693, 8284, 11016) INTO OUTFILE "c:/mangos/run/Progression/DataSaved/Patch-12B_waypoint_path_name_custom.csv" fields terminated by ',' lines terminated by '\n';



/*dbscripts_on_relay*/
SELECT * FROM dbscripts_on_relay WHERE id IN (9006, 9996, 9997, 9998) INTO OUTFILE "c:/mangos/run/Progression/DataSaved/Patch-12B_dbscripts_on_relay_custom.csv" fields terminated by ',' lines terminated by '\n';


/*dbscripts_on_event*/
SELECT * FROM dbscripts_on_event WHERE id IN (293, 383, 384, 385, 691, 692, 693, 694, 3201, 3202, 3203, 3204, 3361, 3561, 3980, 4059, 4079, 4083, 4102, 4118, 4178, 4185, 4192, 4193, 4194, 4195, 4196, 4197, 4215, 4216, 4217, 4218, 4219, 4234, 4235, 4236, 4237, 4247, 4260, 4265, 4276, 4280, 4284, 4288) INTO OUTFILE "c:/mangos/run/Progression/DataSaved/Patch-12B_dbscripts_on_event_custom.csv" fields terminated by ',' lines terminated by '\n';


/*dbscripts_on_creature_movement*/
SELECT * FROM dbscripts_on_creature_movement WHERE id IN (1233, 828401, 828402, 828403, 828404, 828405, 4729401) INTO OUTFILE "c:/mangos/run/Progression/DataSaved/Patch-12B_dbscripts_on_creature_movement_custom.csv" fields terminated by ',' lines terminated by '\n';


/*gossip_menu_option*/
-- SELECT * FROM gossip_menu_option WHERE action_menu_id IN (6865, 50088, 50092, 50121, 50224) INTO OUTFILE "c:/mangos/run/Progression/DataSaved/Patch-12B_gossip_menu_option_custom.csv" fields terminated by ',' lines terminated by '\n';


/*event_purify_food*/
SELECT * from scripted_event_id WHERE id = 3938 INTO OUTFILE "C:/mangos/run/Progression/DataSaved/Patch-12B_scripted_event_id_3938.csv" fields terminated by ',' lines terminated by '\n';










/*Disenchant loot from item_template*/                       
SELECT * FROM item_template WHERE DisenchantId in (10, 47, 63) and entry not in (SELECT entry FROM ItemList) INTO OUTFILE "c:/mangos/run/Progression/DataSaved/Patch-12B_item_template_disenchant.csv" fields terminated by ',' lines terminated by '\n';



SELECT * FROM pickpocketing_loot_template WHERE entry IN (2405, 3296, 4624, 5710, 8304, 8408, 9460) INTO OUTFILE "c:/mangos/run/Progression/DataSaved/Patch-12B_pickpocketing_loot_template_Downlevel.csv" fields terminated by ',' lines terminated by '\n';
SELECT * FROM skinning_loot_template WHERE entry IN (5709, 6129) INTO OUTFILE "c:/mangos/run/Progression/DataSaved/Patch-12B_skinning_loot_template_Downlevel.csv" fields terminated by ',' lines terminated by '\n';


/*Downlevel creature*/
-- SELECT * FROM creature_template WHERE entry IN (8836, 15304, 15466, 15694, 15719, 15723, 15905, 15906, 15907, 15908, 15982, 15983, 16781, 16889, 16890, 16892, 16893, 16894, 16895, 17038, 17041, 17048, 17049, 17050, 17051) INTO OUTFILE "c:/mangos/run/Progression/DataSaved/Patch-12B_creature_template_Downlevel_0.csv" fields terminated by ',' lines terminated by '\n';
-- SELECT * FROM creature_template WHERE entry IN (6129, 6143, 6144, 6146, 6147, 6646, 12125, 13322) INTO OUTFILE "c:/mangos/run/Progression/DataSaved/Patch-12B_creature_template_Downlevel_1.csv" fields terminated by ',' lines terminated by '\n';
-- SELECT * FROM creature_template WHERE entry IN (68, 331, 332, 352, 376, 417, 461, 466, 469, 510, 523, 853, 866, 914, 918, 928, 931, 1064, 1141, 1284, 1316, 1387, 1435, 1442, 1443, 1498, 1571, 1572, 1573, 1642, 1736, 1737, 1739, 1741, 1748, 1749, 1756, 1775, 2215, 2226, 2276, 2389, 2399, 2405, 2409, 2425, 2432, 2464, 2487, 2496, 2625, 2784, 2802, 2835, 2836, 2851, 2858, 2859, 2861, 2931, 2995, 3032, 3034, 3039, 3042, 3046, 3047, 3057, 3084, 3148, 3151, 3210, 3211, 3213, 3214, 3230, 3296, 3310, 3338, 3344, 3352, 3353, 3391, 3401, 3441, 3502, 3516, 3571, 3615, 3616, 3691, 3838, 3841, 3895, 3936, 4046, 4047, 4087, 4088, 4090, 4138, 4161, 4214, 4217, 4262, 4267, 4312, 4317, 4321, 4407, 4423, 4497, 4551, 4563, 4566, 4584, 4593, 4606, 4624, 4924, 4949, 4968, 5090, 5115, 5130, 5141, 5146, 5147, 5164, 5165, 5173, 5387, 5393, 5515, 5546, 5547, 5595, 5624, 5694, 5709, 5710, 5769, 5770, 5782, 5882, 5952, 5994, 6026, 6171, 6179, 6236, 6251, 6382, 6491, 6546, 6706, 6707, 6726, 6768, 6777, 7172, 7230, 7231, 7232, 7292, 7315, 7363, 7728, 7734, 7740, 7772, 7773, 7783, 7794, 7802, 7804, 7823, 7824, 7846, 7851, 7852, 7865, 7875, 7877, 7878, 7879, 7880, 7884, 7917, 7918, 7937, 7939, 7941, 7944, 7950, 7975, 7980, 7999, 8017, 8018, 8019, 8020, 8026, 8123, 8126, 8147, 8155, 8297, 8298, 8304, 8338, 8379, 8408, 8480, 8578, 8609, 8610, 8616, 8678, 8716, 8717, 9297, 9460, 9521, 9526, 9527, 10036, 10037, 10038, 10181, 10537, 10577, 10897, 10988, 11073, 11097, 11146, 11194, 11256, 11401, 11406, 11624, 11699, 11702, 11703, 11705, 11707, 11798, 11799, 11800, 11802, 11819, 11822, 11832, 11859, 11863, 11899, 11956, 11957, 12034, 12047, 12160, 12257, 12338, 12396, 12480, 12481, 12577, 12740, 12904, 12943, 12956, 12957, 13283, 13839, 14717, 15011, 15012, 15113, 15115, 15164, 15193, 15197, 15199, 15362, 15384, 15467, 15558, 15559, 15561, 15562, 15563, 15564, 15565, 15567, 15568, 15569, 15572, 15573, 15575, 15576, 15577, 15579, 15580, 15581, 15582, 15584, 15586, 15587, 15588, 15593, 15595, 15596, 15597, 15598, 15600, 15601, 15604, 15605, 15626, 15631, 15712, 15721, 15724, 15730, 15773, 15775, 15776, 15796, 15864, 15871, 15882, 15883, 15891, 15892, 15893, 15894, 15895, 15897, 15898, 15899, 15900, 15902, 15909, 15917, 15918, 15961, 16006, 16084, 16119, 16120, 16474, 16697, 16788, 16817, 16818, 16979, 16985, 16986, 17249, 18039, 18153) INTO OUTFILE "c:/mangos/run/Progression/DataSaved/Patch-12B_creature_template_Downlevel_2.csv" fields terminated by ',' lines terminated by '\n';
SELECT * FROM creature_template WHERE MaxLevel > 53 AND entry NOT IN (SELECT entry FROM CreatureList) INTO OUTFILE "c:/mangos/run/Progression/DataSaved/Patch-12B_creature_template_Downlevel.csv" fields terminated by ',' lines terminated by '\n';


-- Update creature_template set MinLevel = Case WHEN MinLevel <= 5 then 1 else MinLevel - 5 end, MaxLevel = MaxLevel - 5, PickpocketLootId = 0, SkinningLootId = 0 WHERE entry IN (8836, 15304, 15466, 15694, 15719, 15723, 15905, 15906, 15907, 15908, 15982, 15983, 16781, 16889, 16890, 16892, 16893, 16894, 16895, 17038, 17041, 17048, 17049, 17050, 17051);
-- Update creature_template set MinLevel = Case WHEN MinLevel <= 5 then 1 else MinLevel - 5 end, MaxLevel = MaxLevel - 5, PickpocketLootId = 0, SkinningLootId = 0 WHERE entry IN (6129, 6143, 6144, 6146, 6147, 6646, 12125, 13322);
-- Update creature_template set MinLevel = Case WHEN MinLevel <= 5 then 1 else MinLevel - 5 end, MaxLevel = MaxLevel - 5, PickpocketLootId = 0, SkinningLootId = 0 WHERE entry IN (68, 331, 332, 352, 376, 417, 461, 466, 469, 510, 523, 853, 866, 914, 918, 928, 931, 1064, 1141, 1284, 1316, 1387, 1435, 1442, 1443, 1498, 1571, 1572, 1573, 1642, 1736, 1737, 1739, 1741, 1748, 1749, 1756, 1775, 2215, 2226, 2276, 2389, 2399, 2405, 2409, 2425, 2432, 2464, 2487, 2496, 2625, 2784, 2802, 2835, 2836, 2851, 2858, 2859, 2861, 2931, 2995, 3032, 3034, 3039, 3042, 3046, 3047, 3057, 3084, 3148, 3151, 3210, 3211, 3213, 3214, 3230, 3296, 3310, 3338, 3344, 3352, 3353, 3391, 3401, 3441, 3502, 3516, 3571, 3615, 3616, 3691, 3838, 3841, 3895, 3936, 4046, 4047, 4087, 4088, 4090, 4138, 4161, 4214, 4217, 4262, 4267, 4312, 4317, 4321, 4407, 4423, 4497, 4551, 4563, 4566, 4584, 4593, 4606, 4624, 4924, 4949, 4968, 5090, 5115, 5130, 5141, 5146, 5147, 5164, 5165, 5173, 5387, 5393, 5515, 5546, 5547, 5595, 5624, 5694, 5709, 5710, 5769, 5770, 5782, 5882, 5952, 5994, 6026, 6171, 6179, 6236, 6251, 6382, 6491, 6546, 6706, 6707, 6726, 6768, 6777, 7172, 7230, 7231, 7232, 7292, 7315, 7363, 7728, 7734, 7740, 7772, 7773, 7783, 7794, 7802, 7804, 7823, 7824, 7846, 7851, 7852, 7865, 7875, 7877, 7878, 7879, 7880, 7884, 7917, 7918, 7937, 7939, 7941, 7944, 7950, 7975, 7980, 7999, 8017, 8018, 8019, 8020, 8026, 8123, 8126, 8147, 8155, 8297, 8298, 8304, 8338, 8379, 8408, 8480, 8578, 8609, 8610, 8616, 8678, 8716, 8717, 9297, 9460, 9521, 9526, 9527, 10036, 10037, 10038, 10181, 10537, 10577, 10897, 10988, 11073, 11097, 11146, 11194, 11256, 11401, 11406, 11624, 11699, 11702, 11703, 11705, 11707, 11798, 11799, 11800, 11802, 11819, 11822, 11832, 11859, 11863, 11899, 11956, 11957, 12034, 12047, 12160, 12257, 12338, 12396, 12480, 12481, 12577, 12740, 12904, 12943, 12956, 12957, 13283, 13839, 14717, 15011, 15012, 15113, 15115, 15164, 15193, 15197, 15199, 15362, 15384, 15467, 15558, 15559, 15561, 15562, 15563, 15564, 15565, 15567, 15568, 15569, 15572, 15573, 15575, 15576, 15577, 15579, 15580, 15581, 15582, 15584, 15586, 15587, 15588, 15593, 15595, 15596, 15597, 15598, 15600, 15601, 15604, 15605, 15626, 15631, 15712, 15721, 15724, 15730, 15773, 15775, 15776, 15796, 15864, 15871, 15882, 15883, 15891, 15892, 15893, 15894, 15895, 15897, 15898, 15899, 15900, 15902, 15909, 15917, 15918, 15961, 16006, 16084, 16119, 16120, 16474, 16697, 16788, 16817, 16818, 16979, 16985, 16986, 17249, 18039, 18153);
Update creature_template set MinLevel = Case WHEN MinLevel <= 5 then 1 else MinLevel - 5 end, MaxLevel = MaxLevel - 5, PickpocketLootId = 0, SkinningLootId = 0 WHERE entry IN (SELECT entry FROM (select entry FROM creature_template WHERE MaxLevel > 53 AND entry NOT IN (SELECT entry FROM CreatureList)) temporarytable);


Delete FROM pickpocketing_loot_template WHERE entry IN (2405, 3296, 4624, 5710, 8304, 8408, 9460);
Delete FROM skinning_loot_template WHERE entry IN (5709, 6129);



/*Disenchant loot from item_template*/
Update item_template set DisenchantId = 0 WHERE DisenchantId in (10, 47, 63) and entry not in (SELECT entry FROM ItemList);







/*areatrigger_teleport*/
Delete FROM areatrigger_teleport WHERE id IN (1466, 1472);


/*transports*/
Delete FROM transports WHERE entry IN (20808, 164871, 175080, 176495);


/*pet_levelstats*/
-- Delete FROM pet_levelstats WHERE creature_entry = 329;


/*gameobject_loot_template*/
-- Delete FROM gameobject_loot_template WHERE entry IN (11103, 11213, 11281, 11282, 13961, 13965, 13966, 13970);
Delete FROM gameobject_loot_template WHERE entry IN (2971, 11103, 11213, 13961, 13965, 13966, 13970);


/*waypoint_path*/
Delete FROM waypoint_path WHERE pathid IN (2, 10, 3693, 8284, 11016);
/*waypoint_path_name*/
Delete FROM waypoint_path_name WHERE pathid IN (2, 10, 3693, 8284, 11016);



/*dbscripts_on_relay*/
Delete FROM dbscripts_on_relay WHERE id IN (9006, 9996, 9997, 9998);


/*dbscripts_on_event*/
Delete FROM dbscripts_on_event WHERE id IN (293, 383, 384, 385, 691, 692, 693, 694, 3201, 3202, 3203, 3204, 3361, 3561, 3980, 4059, 4079, 4083, 4102, 4118, 4178, 4185, 4192, 4193, 4194, 4195, 4196, 4197, 4215, 4216, 4217, 4218, 4219, 4234, 4235, 4236, 4237, 4247, 4260, 4265, 4276, 4280, 4284, 4288);


/*dbscripts_on_creature_movement*/
Delete FROM dbscripts_on_creature_movement WHERE id IN (1233, 828401, 828402, 828403, 828404, 828405, 4729401);


/*gossip_menu_option*/
-- Delete FROM gossip_menu_option WHERE action_menu_id IN (6865, 50088, 50092, 50121, 50224);


/*event_purify_food*/
Delete from scripted_event_id WHERE id = 3938;








/*Quiver & Ammo pouch*/
UPDATE item_template SET containerslots = 4, spellid_1 = 0, spelltrigger_1 = 0 WHERE entry IN (2101, 2102, 5439, 5441, 7278, 7279);
UPDATE item_template SET containerslots = 6, spellid_1 = 0, spelltrigger_1 = 0 WHERE entry IN (3573, 3574, 11362, 11363);
UPDATE item_template SET containerslots = 8, spellid_1 = 0, spelltrigger_1 = 0 WHERE entry IN (3604, 3605, 7371, 7372);


/*set Deviate Crocolisk elite*/
update creature_template set rank = 1 WHERE entry = 5053;
/*set Skum and Ghamoo-ra rare*/
update creature_template set rank = 4 WHERE entry in (3674, 4887);
/*set Mire Lord level 45*/
update creature_template set MinLevel = 45, MaxLevel = 45 WHERE entry = 1081;


/*Green Lens*/
UPDATE item_template SET stat_type1 = 0, stat_value1 = 0 WHERE entry = 10504;

/*Bolt of linen*/
Update spell_template set ReagentCount1 = 3 WHERE id = 2963;

/*Elemental Leatherworking*/
UPDATE quest_template SET ReqItemId1 = 8200, ReqItemId2 = 8201, ReqItemId3 = 0, ReqItemId4 = 0, ReqItemCount1 = 1, ReqItemCount2 = 1, ReqItemCount3 = 0, ReqItemCount4 = 0 WHERE entry IN (5144, 5146);

/*ornate mithril pants, boots and breastplate*/
UPDATE spell_template SET Reagent3 = 7966, Reagent4 = 0, ReagentCount4 = 0 WHERE id = 9972;
UPDATE spell_template SET Reagent5 = 0, ReagentCount5 = 0 WHERE id = 9979;
UPDATE spell_template SET Reagent4 = 0, ReagentCount4 = 0 WHERE id = 9945;


/*Queue Uldaman*/
update gossip_menu_option set condition_id = 5026 where menu_id = 50238 and id = 11;



/*Blacksmithing Plans*/
UPDATE quest_template SET RewItemId1 = 7986, RewItemCount1 = 1, RewSpell = 0, RewSpellCast = 0 WHERE entry = 2773;
UPDATE quest_template SET RewItemId1 = 7987, RewItemCount1 = 1, RewSpell = 0, RewSpellCast = 0 WHERE entry = 2771;
UPDATE quest_template SET RewItemId1 = 7988, RewItemCount1 = 1, RewSpell = 0, RewSpellCast = 0 WHERE entry = 2772;
UPDATE quest_template SET RewItemId1 = 7994, RewItemCount1 = 1, RewSpell = 0, RewSpellCast = 0 WHERE entry = 2756;
/*Pattern: Stormcloth*/
Update spell_template set Reagent2 = 4611 WHERE id IN (12062, 12063, 12068, 12083, 12087, 12090);









/*Pattern: Nightscape Cloak*/
DELETE From reference_loot_template WHERE entry = 50548 and item in (8388);
INSERT INTO reference_loot_template VALUES (50548, 8388, 0, 1, 1, 1, 0, 'Pattern: Nightscape Cloak');



/*Pattern: Stormcloth*/
DELETE From reference_loot_template WHERE entry = 50545 and item in (10303, 10304, 10313, 10319, 10322, 10324);
INSERT INTO reference_loot_template VALUES (50545, 10303, 0, 1, 1, 1, 0, 'Pattern: Stormcloth Pants');
INSERT INTO reference_loot_template VALUES (50545, 10304, 0, 1, 1, 1, 0, 'Pattern: Stormcloth Gloves');
INSERT INTO reference_loot_template VALUES (50545, 10313, 0, 1, 1, 1, 0, 'Pattern: Stormcloth Vest');
INSERT INTO reference_loot_template VALUES (50545, 10319, 0, 1, 1, 1, 0, 'Pattern: Stormcloth Headband');
INSERT INTO reference_loot_template VALUES (50545, 10322, 0, 1, 1, 1, 0, 'Pattern: Stormcloth Shoulders');
INSERT INTO reference_loot_template VALUES (50545, 10324, 0, 1, 1, 1, 0, 'Pattern: Stormcloth Boots');


/*Blump Family Fishing Pole*/
update quest_template set ReWItemId1 = 12221 WHERE entry = 1141;


/*Teleporter*/
DELETE FROM creature WHERE guid in (32352, 32353);
INSERT INTO creature VALUES (32352, 3895, 1, 1, 6452, 632, 9.5975, 2.92, 300, 300, 0, 0);
INSERT INTO creature VALUES (32353, 3896, 0, 1, -3772, -642, 8.542, 5.2, 300, 300, 0, 0);

UPDATE creature SET id = 3151 WHERE id = 9558;
UPDATE creature SET id = 3152 WHERE id = 9559;
UPDATE creature SET id = 3148 WHERE id = 9564;

UPDATE creature_template SET gossipmenuid = 1955, npcflags = 1 WHERE entry = 3895;
UPDATE creature_template SET gossipmenuid = 1956, npcflags = 1 WHERE entry = 3896;
UPDATE creature_template SET gossipmenuid = 1957, npcflags = 1 WHERE entry = 3151;
UPDATE creature_template SET gossipmenuid = 1958, npcflags = 1 WHERE entry = 3152;
UPDATE creature_template SET gossipmenuid = 1959, npcflags = 1, NAME = "Torc the Orc" WHERE entry = 3148;
UPDATE creature_template SET gossipmenuid = 0, npcflags = 2 WHERE entry = 7783;

DELETE FROM broadcast_text WHERE Id in (19836, 19840, 19844, 19848, 19852);
DELETE FROM npc_text_broadcast_text WHERE Id in (2628, 2629, 2630, 2631, 2632);
DELETE FROM gossip_menu WHERE entry in (1955, 1956, 1957, 1958, 1959);
DELETE FROM gossip_menu_option WHERE menu_id in (1955, 1956, 1957, 1958, 1959, 1971);
DELETE FROM dbscripts_on_gossip WHERE id in (195501, 195601, 195701, 195801, 195901, 197101);

INSERT INTO broadcast_text VALUES (19836, 'You look like you might be needing passage across the Great Sea.', 'You look like you might be needing passage across the Great Sea.', 0, 0, 0, 0, 1, 0, 0, 0, 0, 0, 0, 0, 0, 0);
INSERT INTO broadcast_text VALUES (19840, 'You look like you might be needing trip to Ratchet.', 'You look like you might be needing trip to Ratchet.', 0, 0, 0, 0, 1, 0, 0, 0, 0, 0, 0, 0, 0, 0);
INSERT INTO broadcast_text VALUES (19844, 'You look like a smooth criminal. Looking for a boat ride?', 'You look like a smooth criminal. Looking for a boat ride?', 0, 0, 0, 0, 1, 0, 0, 0, 0, 0, 0, 0, 0, 0);
INSERT INTO broadcast_text VALUES (19848, 'You can find passage across the Great Sea to Auberdine.', 'You can find passage across the Great Sea to Auberdine.', 0, 0, 0, 0, 1, 0, 0, 0, 0, 0, 0, 0, 0, 0);
INSERT INTO broadcast_text VALUES (19852, 'I am Torc the Orc! Where would you like to fly today?', 'I am Torc the Orc! Where would you like to fly today?', 0, 0, 0, 0, 1, 0, 0, 0, 0, 0, 0, 0, 0, 0);

INSERT INTO npc_text_broadcast_text VALUES (2630, 1, 0, 0, 0, 0, 0, 0, 0, 19836, 0, 0, 0, 0, 0, 0, 0);
INSERT INTO npc_text_broadcast_text VALUES (2631, 1, 0, 0, 0, 0, 0, 0, 0, 19840, 0, 0, 0, 0, 0, 0, 0);
INSERT INTO npc_text_broadcast_text VALUES (2628, 1, 0, 0, 0, 0, 0, 0, 0, 19844, 0, 0, 0, 0, 0, 0, 0);
INSERT INTO npc_text_broadcast_text VALUES (2629, 1, 0, 0, 0, 0, 0, 0, 0, 19848, 0, 0, 0, 0, 0, 0, 0);
INSERT INTO npc_text_broadcast_text VALUES (2632, 1, 0, 0, 0, 0, 0, 0, 0, 19852, 0, 0, 0, 0, 0, 0, 0);

INSERT INTO gossip_menu VALUES (1957, 2630, 0, 0);
INSERT INTO gossip_menu VALUES (1958, 2631, 0, 0);
INSERT INTO gossip_menu VALUES (1955, 2628, 0, 0);
INSERT INTO gossip_menu VALUES (1956, 2629, 0, 0);
INSERT INTO gossip_menu VALUES (1959, 2632, 0, 0);

INSERT INTO gossip_menu_option VALUES (1957, 0, 0, 'Yes, take me to Booty Bay please.', 0, 1, 1, -1, 0, 195701, 0, 0, NULL, 0, 0);
INSERT INTO gossip_menu_option VALUES (1958, 0, 0, 'Yes, take me to Ratchet please.', 0, 1, 1, -1, 0, 195801, 0, 0, NULL, 0, 0);
INSERT INTO gossip_menu_option VALUES (1955, 0, 0, 'Yes, take me to Menethil please.', 0, 1, 1, -1, 0, 195501, 0, 0, NULL, 0, 0);
INSERT INTO gossip_menu_option VALUES (1956, 0, 0, 'Yes, take me to Auberdine please.', 0, 1, 1, -1, 0, 195601, 0, 0, NULL, 0, 0);
INSERT INTO gossip_menu_option VALUES (1959, 0, 0, 'I wish fly to Tirisfal Glades.', 0, 1, 1, -1, 0, 195901, 0, 0, NULL, 0, 0);
INSERT INTO gossip_menu_option VALUES (1971, 0, 0, 'I wish fly to Durotar.', 0, 1, 1, -1, 0, 197101, 0, 0, NULL, 0, 0);

INSERT INTO dbscripts_on_gossip VALUES (195701, 0, 0, 6, 0, 0, 0, 0, 0, 0, 0, 0, 0, 0, 0, -14289, 556, 8.9711, 0, 0, 0, 'Teleport player to Booty Bay');
INSERT INTO dbscripts_on_gossip VALUES (195801, 0, 0, 6, 1, 0, 0, 0, 0, 0, 0, 0, 0, 0, 0, -996, -3815, 5.259, 0, 0, 0, 'Teleport player to Ratchet');
INSERT INTO dbscripts_on_gossip VALUES (195501, 0, 0, 6, 0, 0, 0, 0, 0, 0, 0, 0, 0, 0, 0, -3772, -642, 8.542, 0, 0, 0, 'Teleport player to Menethil Harbor');
INSERT INTO dbscripts_on_gossip VALUES (195601, 0, 0, 6, 1, 0, 0, 0, 0, 0, 0, 0, 0, 0, 0, 6452, 632, 9.5975, 0, 0, 0, 'Teleport player to Auberdine');
INSERT INTO dbscripts_on_gossip VALUES (195901, 0, 0, 6, 0, 0, 0, 0, 0, 0, 0, 0, 0, 0, 0, 2064, 288, 97.11, 0, 0, 0, 'Teleport player to Tirisfal Glades');
INSERT INTO dbscripts_on_gossip VALUES (197101, 0, 0, 6, 1, 0, 0, 0, 0, 0, 0, 0, 0, 0, 0, 1331, -4649, 53.62, 0, 0, 0, 'Teleport player to Durotar');


/*Orcish War Leggings*/
Update spell_template set reagent2 = 0, reagentcount2 = 0 where id = 9957;






DELETE FROM creature_loot_template WHERE entry IN (SELECT entry FROM CreatureList);
DELETE FROM creature_linking WHERE guid IN (SELECT guid FROM creature_spawn_entry WHERE entry IN (SELECT entry FROM CreatureList));
DELETE FROM creature_movement WHERE id IN (SELECT guid FROM creature_spawn_entry WHERE entry IN (SELECT entry FROM CreatureList));
DELETE FROM creature_addon WHERE guid IN (SELECT guid FROM creature_spawn_entry WHERE entry IN (SELECT entry FROM CreatureList));
DELETE FROM creature_spawn_data WHERE guid IN (SELECT guid FROM creature WHERE id IN (SELECT entry FROM CreatureList)) ;
DELETE FROM creature_addon WHERE guid IN (SELECT guid FROM creature WHERE id IN (SELECT entry FROM CreatureList));
DELETE FROM creature_movement WHERE id IN (select guid from creature where id in (SELECT entry FROM CreatureList));
DELETE FROM creature_linking WHERE guid IN (SELECT guid FROM creature WHERE id IN (SELECT entry FROM CreatureList));
DELETE FROM game_event_creature WHERE guid in (SELECT a.guid FROM (SELECT guid FROM creature WHERE id IN (SELECT entry FROM CreatureList)) as a);
DELETE FROM npc_gossip WHERE npc_guid IN (SELECT guid FROM creature WHERE id IN (SELECT entry FROM CreatureList)) ;
DELETE FROM creature_ai_scripts WHERE  -creature_id IN (SELECT guid FROM creature WHERE id IN (SELECT entry FROM CreatureList));
DELETE FROM dbscripts_on_creature_movement WHERE floor(id/100) IN (SELECT guid FROM creature WHERE id IN (SELECT entry FROM CreatureList)) AND not exists(SELECT entry FROM creature_template WHERE entry = FLOOR(id/100));
DELETE FROM game_event_creature_data WHERE guid IN (SELECT guid FROM creature WHERE id IN (SELECT entry FROM CreatureList));
DELETE FROM creature WHERE guid IN (SELECT guid FROM creature_spawn_entry WHERE entry IN (SELECT entry FROM CreatureList)) and id = 0;
DELETE FROM creature_spawn_entry WHERE entry IN (SELECT entry FROM CreatureList);
DELETE FROM creature_onkill_reputation WHERE creature_id IN (SELECT entry FROM CreatureList);
DELETE FROM creature_spell_list WHERE floor(id/100) in (SELECT entry FROM CreatureList);
DELETE FROM creature_template_spells WHERE entry IN (SELECT entry FROM CreatureList);
DELETE FROM creature_linking_template WHERE entry IN (SELECT entry FROM CreatureList);
DELETE FROM creature_movement_template WHERE entry IN (SELECT entry FROM CreatureList);
DELETE FROM creature_equip_template WHERE entry IN (SELECT entry FROM CreatureList);
DELETE FROM creature_immunities WHERE entry IN (SELECT entry FROM CreatureList);
DELETE FROM creature_template_addon WHERE entry IN (SELECT entry FROM CreatureList);
DELETE FROM creature_template_armor WHERE entry IN (SELECT entry FROM CreatureList);
DELETE FROM creature_template WHERE entry IN (SELECT entry FROM CreatureList);
DELETE FROM creature WHERE id IN (SELECT entry FROM CreatureList);
DELETE FROM spell_script_target WHERE targetentry IN (SELECT entry FROM CreatureList) and type in (1, 2);
DELETE FROM creature_ai_scripts WHERE creature_id IN (SELECT entry FROM CreatureList);
DELETE FROM creature_ai_scripts WHERE floor(id/100) IN (SELECT entry FROM CreatureList);
DELETE FROM skinning_loot_template WHERE entry IN (SELECT entry FROM CreatureList);
DELETE FROM pickpocketing_loot_template WHERE entry IN (SELECT entry FROM CreatureList);
DELETE FROM dbscripts_on_creature_movement WHERE floor(id/100) IN (SELECT entry FROM CreatureList);
DELETE FROM dbscripts_on_creature_death WHERE id IN (SELECT entry FROM CreatureList);
DELETE FROM npc_trainer WHERE entry IN (SELECT entry FROM CreatureList);
DELETE FROM npc_vendor WHERE entry IN (SELECT entry FROM CreatureList);
DELETE FROM questgiver_greeting WHERE entry IN (SELECT entry FROM CreatureList);
DELETE FROM trainer_greeting WHERE entry IN (SELECT entry FROM CreatureList);
DELETE FROM instance_encounters WHERE creditentry IN (SELECT entry FROM CreatureList);
DELETE FROM dbscripts_on_event WHERE id IN (SELECT temporarytable.id FROM (select id from dbscripts_on_event where datalong IN (SELECT entry FROM CreatureList) and command in (8, 10, 31)) temporarytable);
DELETE FROM script_waypoint WHERE entry IN (SELECT entry FROM CreatureList);
DELETE FROM pet_levelstats WHERE creature_entry IN (SELECT entry FROM CreatureList);


DELETE FROM game_event_gameobject WHERE guid in (SELECT a.guid FROM (SELECT guid FROM gameobject WHERE id IN (SELECT entry FROM ObjectList)) as a);
DELETE FROM gameobject WHERE guid in (Select guid FROM gameobject_spawn_entry WHERE entry IN (SELECT entry FROM ObjectList)) and id = 0;
DELETE FROM gameobject_spawn_entry WHERE entry IN (SELECT entry FROM ObjectList);
DELETE FROM gameobject_addon WHERE guid IN (SELECT guid FROM gameobject WHERE id IN (SELECT entry FROM ObjectList));
DELETE FROM gameobject_template WHERE entry IN (SELECT entry FROM ObjectList);
DELETE FROM dbscripts_on_go_use WHERE id IN (SELECT guid FROM gameobject WHERE id IN (SELECT entry FROM ObjectList));
DELETE FROM gameobject WHERE id IN (SELECT entry FROM ObjectList);
DELETE FROM spell_script_target WHERE targetentry IN (SELECT entry FROM ObjectList) AND TYPE = 0;
DELETE FROM dbscripts_on_go_template_use WHERE id IN (SELECT entry FROM ObjectList) ;


DELETE FROM item_template WHERE entry IN (SELECT entry FROM ItemList);
DELETE FROM item_loot_template WHERE entry IN (SELECT entry FROM ItemList);
DELETE FROM item_required_target WHERE entry in (SELECT entry FROM ItemList);
DELETE FROM fishing_loot_template WHERE item IN (SELECT entry FROM ItemList);
DELETE FROM skinning_loot_template WHERE item IN (SELECT entry FROM ItemList) and entry not IN (SELECT entry FROM CreatureList);
DELETE FROM gameobject_loot_template WHERE item IN (SELECT entry FROM ItemList);
DELETE FROM npc_vendor WHERE item IN (SELECT entry FROM ItemList) and entry not IN (SELECT entry FROM CreatureList);
DELETE FROM npc_vendor_template WHERE item IN (SELECT entry FROM ItemList);
DELETE FROM pickpocketing_loot_template WHERE item IN (SELECT entry FROM ItemList) and entry not IN (SELECT entry FROM CreatureList);
DELETE FROM item_loot_template WHERE item IN (SELECT entry FROM ItemList);
DELETE FROM mail_loot_template WHERE item IN (SELECT entry FROM ItemList);
DELETE FROM reference_loot_template WHERE item IN (SELECT entry FROM ItemList);
DELETE FROM creature_loot_template WHERE item IN (SELECT entry FROM ItemList) and  -mincountorref not IN (SELECT entry FROM ReferenceList) and entry not IN (SELECT entry FROM CreatureList);
DELETE FROM disenchant_loot_template WHERE item IN (SELECT entry FROM ItemList);


DELETE FROM quest_template WHERE entry IN (SELECT entry FROM QuestList);
DELETE FROM creature_involvedrelation WHERE quest IN (SELECT entry FROM QuestList);
DELETE FROM creature_questrelation WHERE quest IN (SELECT entry FROM QuestList);
DELETE FROM gameobject_involvedrelation WHERE quest IN (SELECT entry FROM QuestList);
DELETE FROM gameobject_questrelation WHERE quest IN (SELECT entry FROM QuestList);
DELETE FROM dbscripts_on_quest_start WHERE id IN (SELECT entry FROM QuestList) ;
DELETE FROM dbscripts_on_quest_end WHERE id IN (SELECT entry FROM QuestList) ;
DELETE FROM areatrigger_involvedrelation WHERE quest IN (SELECT entry FROM QuestList);
DELETE FROM game_event_quest WHERE quest IN (SELECT entry FROM QuestList);


DELETE FROM creature WHERE guid IN (SELECT guid FROM spawn_group_spawn WHERE id IN (SELECT id FROM spawn_group where id IN (SELECT entry FROM SpawnGroupList) AND TYPE = 0)) AND id = 0;
DELETE FROM gameobject WHERE guid IN (SELECT guid FROM spawn_group_spawn WHERE id IN (SELECT id FROM spawn_group where id IN (SELECT entry FROM SpawnGroupList) AND TYPE = 1)) AND id = 0;
DELETE FROM creature_movement WHERE id IN (SELECT guid FROM spawn_group_spawn WHERE id IN (SELECT id FROM spawn_group where id IN (SELECT entry FROM SpawnGroupList) AND TYPE = 0));
DELETE FROM spawn_group_formation WHERE id in (SELECT entry FROM SpawnGroupList);
DELETE FROM spawn_group_entry WHERE id in (SELECT entry FROM SpawnGroupList);
DELETE FROM spawn_group_spawn WHERE id in (SELECT entry FROM SpawnGroupList);
DELETE FROM spawn_group WHERE id in (SELECT entry FROM SpawnGroupList);
DELETE FROM spawn_group_linked_group WHERE id in (SELECT entry FROM SpawnGroupList);


DELETE FROM reference_loot_template_names WHERE entry IN (SELECT entry FROM ReferenceList) ;
DELETE FROM reference_loot_template WHERE entry IN (SELECT entry FROM ReferenceList) and item not IN (SELECT entry FROM ItemList);
DELETE FROM gameobject_loot_template WHERE  -mincountorref IN (SELECT entry FROM ReferenceList) and item not IN (SELECT entry FROM ItemList);
DELETE FROM creature_loot_template WHERE  -mincountorref IN (SELECT entry FROM ReferenceList) and entry not IN (SELECT entry FROM CreatureList);
DELETE FROM fishing_loot_template WHERE  -mincountorref IN (SELECT entry FROM ReferenceList);


DELETE FROM gossip_menu WHERE entry IN (SELECT entry FROM GossipList);
DELETE FROM gossip_menu_option WHERE menu_id IN (SELECT entry FROM GossipList);
DELETE FROM gossip_menu_option WHERE action_menu_id IN (SELECT entry FROM GossipList);
DELETE FROM dbscripts_on_gossip WHERE floor(id/100) IN (SELECT entry FROM GossipList);
DELETE FROM dbscripts_on_gossip WHERE id IN (SELECT entry FROM GossipList);


DELETE FROM npc_trainer WHERE spell IN (SELECT entry FROM SpellList);
DELETE FROM spell_template WHERE id IN (SELECT entry FROM SpellList);
DELETE FROM spell_scripts WHERE id IN (SELECT entry FROM SpellList);
DELETE FROM dbscripts_on_spell WHERE id IN (SELECT entry FROM SpellList);
DELETE FROM spell_elixir WHERE entry IN (SELECT entry FROM SpellList);
DELETE FROM spell_facing WHERE entry IN (SELECT entry FROM SpellList);
DELETE FROM spell_proc_event WHERE entry IN (SELECT entry FROM SpellList);
DELETE FROM spell_area WHERE spell IN (SELECT entry FROM SpellList);
DELETE FROM spell_target_position WHERE id IN (SELECT entry FROM SpellList);
DELETE FROM spell_affect WHERE entry IN (SELECT entry FROM SpellList);
DELETE FROM spell_script_target WHERE entry IN (SELECT entry FROM SpellList);
DELETE FROM npc_trainer_template WHERE spell IN (SELECT entry FROM SpellList);
DELETE FROM spell_chain WHERE spell_id IN (SELECT entry FROM SpellList);
DELETE FROM spell_learn_spell WHERE entry IN (SELECT entry FROM SpellList);
DELETE FROM spell_group_spell WHERE spellid IN (SELECT entry FROM SpellList);


DELETE FROM pool_template WHERE entry IN (SELECT entry FROM PoolList);
DELETE FROM pool_pool WHERE mother_pool IN (SELECT entry FROM PoolList);
DELETE FROM pool_pool WHERE pool_id IN (SELECT entry FROM PoolList);
DELETE FROM pool_creature WHERE pool_entry IN (SELECT entry FROM PoolList);
DELETE FROM pool_creature_template WHERE pool_entry IN (SELECT entry FROM PoolList);
DELETE FROM pool_gameobject WHERE pool_entry IN (SELECT entry FROM PoolList);
DELETE FROM pool_gameobject_template WHERE pool_entry IN (SELECT entry FROM PoolList);


DELETE FROM conditions WHERE condition_entry in (SELECT entry FROM ConditionsList);


/*Clearing Map Creature*/
Delete FROM spawn_group_formation where id in (SELECT id FROM spawn_group_spawn WHERE guid IN (Select guid from creature where map in (230) AND ID = 0));
Delete FROM spawn_group where id in (SELECT id FROM spawn_group_spawn WHERE guid IN (Select guid from creature where map in (230) AND ID = 0)) AND TYPE = 0;
DELETE FROM spawn_group_spawn WHERE guid IN (Select guid from creature where map in (230) AND ID = 0);
DELETE FROM creature_spawn_entry WHERE guid IN (Select guid from creature where map in (230) AND ID = 0);
DELETE FROM creature_movement WHERE id IN (Select guid from creature where map in (230) AND ID = 0);
DELETE FROM creature_linking WHERE guid IN (Select guid from creature where map in (230) AND ID = 0);
DELETE FROM pool_template WHERE entry IN (SELECT pool_entry FROM pool_creature WHERE guid IN (Select guid from creature where map in (230) AND ID = 0));
DELETE FROM pool_creature WHERE guid IN (Select guid from creature where map in (230) AND ID = 0);
DELETE FROM creature_addon WHERE guid IN (Select guid from creature where map in (230) AND ID = 0);
Delete from creature where map in (230) AND ID = 0;
/*Clearing Map Gameobject*/
Delete FROM spawn_group where id in (SELECT id FROM spawn_group_spawn WHERE guid IN (Select guid from gameobject where map in (230) AND ID = 0)) AND TYPE = 1;
DELETE FROM spawn_group_spawn WHERE guid IN (Select guid from gameobject where map in (230) AND ID = 0);
DELETE FROM gameobject_spawn_entry WHERE guid IN (Select guid from gameobject where map in (230) AND ID = 0);
DELETE FROM pool_template WHERE entry IN (SELECT pool_entry FROM pool_gameobject WHERE guid IN (Select guid from gameobject where map in (230) AND ID = 0));
DELETE FROM pool_gameobject WHERE guid IN (Select guid from gameobject where map in (230) AND ID = 0);
DELETE FROM gameobject_addon WHERE guid IN (Select guid from gameobject where map in (230) AND ID = 0);
Delete from gameobject where map in (230) AND ID = 0;



DROP TEMPORARY TABLE IF EXISTS CreatureList;
 
DROP TEMPORARY TABLE IF EXISTS ObjectList;
 
DROP TEMPORARY TABLE IF EXISTS ItemList;
 
DROP TEMPORARY TABLE IF EXISTS QuestList;
 
DROP TEMPORARY TABLE IF EXISTS PoolList;
 
DROP TEMPORARY TABLE IF EXISTS SpawnGroupList;
 
DROP TEMPORARY TABLE IF EXISTS ReferenceList;
 
DROP TEMPORARY TABLE IF EXISTS GossipList;
 
DROP TEMPORARY TABLE IF EXISTS SpellList;
 
DROP TEMPORARY TABLE IF EXISTS ConditionsList;
 
 
DROP TEMPORARY TABLE IF EXISTS ItemListClone;






















































/*Update game_event Patch*/
Delete FROM game_event WHERE entry = 200;
INSERT INTO `game_event` (`entry`, `schedule_type`, `occurence`, `length`, `holiday`, `linkedTo`, `description`) VALUES (200, 0, 5184000, 12, 0, 0, 'Server Patch');

